SET FOREIGN_KEY_CHECKS = 0;
DELETE FROM Evaluation;
DELETE FROM ResaleBuyerQueue;
DELETE FROM ResaleTicket;
DELETE FROM Ticket;
DELETE FROM StaffAssignment;
DELETE FROM Staff;
DELETE FROM ArtistGenre;
DELETE FROM MusicGenre;
DELETE FROM Performance;
DELETE FROM Event;
DELETE FROM Stage;
DELETE FROM Festival;
DELETE FROM Band_Member;
DELETE FROM Band;
DELETE FROM Artist;
DELETE FROM Visitor;
DELETE FROM Location;
SET FOREIGN_KEY_CHECKS = 1;

-- Sample entries for the Artist table
INSERT INTO Artist (Artist_ID, Real_Name, Stage_Name, Birthdate, Website, Instagram_Profile, Image, Image_Description) VALUES
(1, 'Stefani Joanne Angelina Germanotta', 'Lady Gaga', '1986-03-28', 'https://www.ladygaga.com', 'https://instagram.com/ladygaga', 'https://upload.wikimedia.org/wikipedia/commons/0/0c/Lady_Gaga_2019.jpg', 'Lady Gaga performing at the 2019 Met Gala'),
(2, 'Shawn Corey Carter', 'Jay-Z', '1969-12-04', 'https://www.jayz.com', 'https://instagram.com/jayz', 'https://upload.wikimedia.org/wikipedia/commons/6/6e/Jay-Z_2011.jpg', 'Jay-Z performing at the 2011 Coachella Festival'),
(3, 'Aubrey Drake Graham', 'Drake', '1986-10-24', 'https://www.drakeofficial.com', 'https://instagram.com/champagnepapi', 'https://upload.wikimedia.org/wikipedia/commons/9/94/Drake_2016.jpg', 'Drake performing during his 2016 tour'),
(4, 'Adele Laurie Blue Adkins', 'Adele', '1988-05-05', 'https://www.adele.com', 'https://instagram.com/adele', 'https://upload.wikimedia.org/wikipedia/commons/6/6e/Adele_2016.jpg', 'Adele performing live in 2016'),
(5, 'Robyn Rihanna Fenty', 'Rihanna', '1988-02-20', 'https://www.rihannanow.com', 'https://instagram.com/badgalriri', 'https://upload.wikimedia.org/wikipedia/commons/5/5e/Rihanna_2012.jpg', 'Rihanna at a 2012 event'),
(6, 'Marshall Bruce Mathers III', 'Eminem', '1972-10-17', 'https://www.eminem.com', 'https://instagram.com/eminem', 'https://upload.wikimedia.org/wikipedia/commons/3/35/Eminem_2014.jpg', 'Eminem performing in 2014'),
(7, 'Taylor Alison Swift', 'Taylor Swift', '1989-12-13', 'https://www.taylorswift.com', 'https://instagram.com/taylorswift', 'https://upload.wikimedia.org/wikipedia/commons/2/2f/Taylor_Swift_2015.jpg', 'Taylor Swift at the 2015 Billboard Music Awards'),
(8, 'Kanye Omari West', 'Kanye West', '1977-06-08', 'https://www.kanyewest.com', 'https://instagram.com/kanyewest', 'https://upload.wikimedia.org/wikipedia/commons/1/1f/Kanye_West_2011.jpg', 'Kanye West performing in 2011'),
(9, 'Beyoncé Giselle Knowles-Carter', 'Beyoncé', '1981-09-04', 'https://www.beyonce.com', 'https://instagram.com/beyonce', 'https://upload.wikimedia.org/wikipedia/commons/4/4e/Beyonce_2013.jpg', 'Beyoncé performing in 2013'),
(10, 'Justin Drew Bieber', 'Justin Bieber', '1994-03-01', 'https://www.justinbiebermusic.com', 'https://instagram.com/justinbieber', 'https://upload.wikimedia.org/wikipedia/commons/9/94/Justin_Bieber_2015.jpg', 'Justin Bieber at a 2015 concert'),
(11, 'Bruno Mars', 'Bruno Mars', '1985-10-08', 'https://www.brunomars.com', 'https://instagram.com/brunomars', 'https://upload.wikimedia.org/wikipedia/commons/0/0e/Bruno_Mars_2010.jpg', 'Bruno Mars performing in 2010'),
(12, 'Katheryn Elizabeth Hudson', 'Katy Perry', '1984-10-25', 'https://www.katyperry.com', 'https://instagram.com/katyperry', 'https://upload.wikimedia.org/wikipedia/commons/3/3a/Katy_Perry_2013.jpg', 'Katy Perry at the 2013 MTV Video Music Awards'),
(13, 'Robyn Rihanna Fenty', 'Rihanna', '1988-02-20', 'https://www.rihannanow.com', 'https://instagram.com/badgalriri', 'https://upload.wikimedia.org/wikipedia/commons/5/5e/Rihanna_2012.jpg', 'Rihanna at a 2012 event'),
(14, 'Peter Gene Hernandez', 'Bruno Mars', '1985-10-08', 'https://www.brunomars.com', 'https://instagram.com/brunomars', 'https://upload.wikimedia.org/wikipedia/commons/0/0e/Bruno_Mars_2010.jpg', 'Bruno Mars performing in 2010'),
(15, 'Alicia Augello Cook', 'Alicia Keys', '1981-01-25', 'https://www.aliciakeys.com', 'https://instagram.com/aliciakeys', 'https://upload.wikimedia.org/wikipedia/commons/1/1e/Alicia_Keys_2013.jpg', 'Alicia Keys performing in 2013'),
(16, 'Shakira Isabel Mebarak Ripoll', 'Shakira', '1977-02-02', 'https://www.shakira.com', 'https://instagram.com/shakira', 'https://upload.wikimedia.org/wikipedia/commons/7/7e/Shakira_2010.jpg', 'Shakira performing in 2010'),
(17, 'Usher Raymond IV', 'Usher', '1978-10-14', 'https://www.usherworld.com', 'https://instagram.com/usher', 'https://upload.wikimedia.org/wikipedia/commons/9/9f/Usher_2011.jpg', 'Usher performing in 2011'),
(18, 'Calvin Cordozar Broadus Jr.', 'Snoop Dogg', '1971-10-20', 'https://www.snoopdogg.com', 'https://instagram.com/snoopdogg', 'https://upload.wikimedia.org/wikipedia/commons/5/5e/Snoop_Dogg_2012.jpg', 'Snoop Dogg performing in 2012'),
(19, 'Marshall Bruce Mathers III', 'Eminem', '1972-10-17', 'https://www.eminem.com', 'https://instagram.com/eminem', 'https://upload.wikimedia.org/wikipedia/commons/3/35/Eminem_2014.jpg', 'Eminem performing in 2014'),
(20, 'Christopher Maurice Brown', 'Chris Brown', '1989-05-05', 'https://www.chrisbrownworld.com', 'https://instagram.com/chrisbrownofficial', 'https://upload.wikimedia.org/wikipedia/commons/6/6d/Chris_Brown_2012.jpg', 'Chris Brown performing in 2012'),
(21, 'Shawn Mendes', 'Shawn Mendes', '1998-08-08', 'https://www.shawnmendesofficial.com', 'https://instagram.com/shawnmendes', 'https://upload.wikimedia.org/wikipedia/commons/2/2d/Shawn_Mendes_2018.jpg', 'Shawn Mendes performing in 2018'),
(22, 'Camila Cabello', 'Camila Cabello', '1997-03-03', 'https://www.camilacabello.com', 'https://instagram.com/camila_cabello', 'https://upload.wikimedia.org/wikipedia/commons/3/3e/Camila_Cabello_2019.jpg', 'Camila Cabello performing in 2019'),
(23, 'Ed Sheeran', 'Ed Sheeran', '1991-02-17', 'https://www.edsheeran.com', 'https://instagram.com/teddysphotos', 'https://upload.wikimedia.org/wikipedia/commons/4/45/Ed_Sheeran_2018.jpg', 'Ed Sheeran performing in 2018'),
(24, 'Ariana Grande-Butera', 'Ariana Grande', '1993-06-26', 'https://www.arianagrande.com', 'https://instagram.com/arianagrande', 'https://upload.wikimedia.org/wikipedia/commons/0/0f/Ariana_Grande_2017.jpg', 'Ariana Grande performing in 2017'),
(25, 'Billie Eilish Pirate Baird O''Connell', 'Billie Eilish', '2001-12-18', 'https://www.billieeilish.com', 'https://instagram.com/billieeilish', 'https://upload.wikimedia.org/wikipedia/commons/3/3e/Billie_Eilish_2019.jpg', 'Billie Eilish performing in 2019'),
(26, 'Dua Lipa', 'Dua Lipa', '1995-08-22', 'https://www.dualipa.com', 'https://instagram.com/dualipa', 'https://upload.wikimedia.org/wikipedia/commons/5/5e/Dua_Lipa_2018.jpg', 'Dua Lipa performing in 2018'),
(27, 'Harry Styles', 'Harry Styles', '1994-02-01', 'https://www.hstyles.co.uk', 'https://instagram.com/harrystyles', 'https://upload.wikimedia.org/wikipedia/commons/7/7e/Harry_Styles_2017.jpg', 'Harry Styles performing in 2017'),
(28, 'Taylor Alison Swift', 'Taylor Swift', '1989-12-13', 'https://www.taylorswift.com', 'https://instagram.com/taylorswift', 'https://upload.wikimedia.org/wikipedia/commons/2/2f/Taylor_Swift_2015.jpg', 'Taylor Swift at the 2015 Billboard Music Awards'),
(29, 'William Leonard Roberts II', 'Rick Ross', '1976-01-28', 'https://www.rickrosspom2.com', 'https://instagram.com/richforever', 'https://upload.wikimedia.org/wikipedia/commons/3/3e/Rick_Ross_2019.jpg', 'Rick Ross performing in 2019'),
(30, 'Daniel Hernandez', '6ix9ine', '1996-05-08', 'https://www.6ix9ine.com', 'https://instagram.com/6ix9ine', 'https://upload.wikimedia.org/wikipedia/commons/4/4e/6ix9ine_2018.jpg', '6ix9ine performing in 2018'),
(31, 'John Roger Stephens', 'John Legend', '1978-12-28', 'https://www.johnlegend.com', 'https://instagram.com/johnlegend', 'https://upload.wikimedia.org/wikipedia/commons/3/3e/John_Legend_2014.jpg', 'John Legend performing in 2014'),
(32, 'Elizabeth Woolridge Grant', 'Lana Del Rey', '1985-06-21', 'https://www.lanadelrey.com', 'https://instagram.com/lanadelrey', 'https://upload.wikimedia.org/wikipedia/commons/4/4e/Lana_Del_Rey_2012.jpg', 'Lana Del Rey performing in 2012'),
(33, 'Jacques Berman Webster II', 'Travis Scott', '1991-04-30', 'https://www.travisscott.com', 'https://instagram.com/travisscott', 'https://upload.wikimedia.org/wikipedia/commons/5/5e/Travis_Scott_2018.jpg', 'Travis Scott performing in 2018'),
(34, 'Belcalis Marlenis Almánzar', 'Cardi B', '1992-10-11', 'https://www.cardib.com', 'https://instagram.com/iamcardib', 'https://upload.wikimedia.org/wikipedia/commons/3/3e/Cardi_B_2019.jpg', 'Cardi B performing in 2019'),
(35, 'Onika Tanya Maraj', 'Nicki Minaj', '1982-12-08', 'https://www.nickiminajofficial.com', 'https://instagram.com/nickiminaj', 'https://upload.wikimedia.org/wikipedia/commons/0/0e/Nicki_Minaj_2012.jpg', 'Nicki Minaj performing in 2012'),
(36, 'Amala Ratna Zandile Dlamini', 'Doja Cat', '1995-10-21', 'https://www.dojacat.com', 'https://instagram.com/dojacat', 'https://upload.wikimedia.org/wikipedia/commons/6/6e/Doja_Cat_2020.jpg', 'Doja Cat performing in 2020'),
(37, 'Miles Parks McCollum', 'Lil Yachty', '1997-08-23', 'https://www.lilyachtyofficial.com', 'https://instagram.com/lilyachty', 'https://upload.wikimedia.org/wikipedia/commons/9/9e/Lil_Yachty_2016.jpg', 'Lil Yachty performing in 2016'),
(38, 'Dominique Armani Jones', 'Lil Baby', '1994-12-03', 'https://www.lilbabyofficial.com', 'https://instagram.com/lilbaby', 'https://upload.wikimedia.org/wikipedia/commons/2/2e/Lil_Baby_2019.jpg', 'Lil Baby performing in 2019'),
(39, 'Dwayne Michael Carter Jr.', 'Lil Wayne', '1982-09-27', 'https://www.lilwayneofficial.com', 'https://instagram.com/liltunechi', 'https://upload.wikimedia.org/wikipedia/commons/3/3d/Lil_Wayne_2011.jpg', 'Lil Wayne performing in 2011'),
(40, 'Megan Jovon Ruth Pete', 'Megan Thee Stallion', '1995-02-15', 'https://www.megantheestallion.com', 'https://instagram.com/theestallion', 'https://upload.wikimedia.org/wikipedia/commons/5/5e/Megan_Thee_Stallion_2019.jpg', 'Megan Thee Stallion performing in 2019'),
(41, 'Aubrey Drake Graham', 'Drake', '1986-10-24', 'https://www.drakeofficial.com', 'https://instagram.com/champagnepapi', 'https://upload.wikimedia.org/wikipedia/commons/9/94/Drake_2016.jpg', 'Drake performing during his 2016 tour'),
(42, 'Shawn Corey Carter', 'Jay-Z', '1969-12-04', 'https://www.jayz.com', 'https://instagram.com/jayz', 'https://upload.wikimedia.org/wikipedia/commons/6/6e/Jay-Z_2011.jpg', 'Jay-Z performing at the 2011 Coachella Festival'),
(43, 'Marshall Bruce Mathers III', 'Eminem', '1972-10-17', 'https://www.eminem.com', 'https://instagram.com/eminem', 'https://upload.wikimedia.org/wikipedia/commons/3/35/Eminem_2014.jpg', 'Eminem performing in 2014'),
(44, 'Kanye Omari West', 'Kanye West', '1977-06-08', 'https://www.kanyewest.com', 'https://instagram.com/kanyewest', 'https://upload.wikimedia.org/wikipedia/commons/1/1f/Kanye_West_2011.jpg', 'Kanye West performing in 2011'),
(45, 'Curtis James Jackson III', '50 Cent', '1975-07-06', 'https://www.50cent.com', 'https://instagram.com/50cent', 'https://upload.wikimedia.org/wikipedia/commons/4/4e/50_Cent_2012.jpg', '50 Cent performing in 2012'),
(46, 'Calvin Cordozar Broadus Jr.', 'Snoop Dogg', '1971-10-20', 'https://www.snoopdogg.com', 'https://instagram.com/snoopdogg', 'https://upload.wikimedia.org/wikipedia/commons/5/5e/Snoop_Dogg_2012.jpg', 'Snoop Dogg performing in 2012'),
(47, 'Christopher George Latore Wallace', 'The Notorious B.I.G.', '1972-05-21', 'https://www.thenotoriousbig.com', 'https://instagram.com/thenotoriousbig', 'https://upload.wikimedia.org/wikipedia/commons/3/3e/The_Notorious_BIG_1995.jpg', 'The Notorious B.I.G. performing in 1995'),
(48, 'Adele Laurie Blue Adkins', 'Adele', '1988-05-05', 'https://www.adele.com', 'https://instagram.com/adele', 'https://upload.wikimedia.org/wikipedia/commons/3/3e/Adele_2016.jpg', 'Adele performing in 2016'),
(49, 'Alan Olav Walker', 'Alan Walker', '1997-08-24', 'https://www.alanwalker.com', 'https://instagram.com/alanwalkermusic', 'https://upload.wikimedia.org/wikipedia/commons/5/5e/Alan_Walker_2018.jpg', 'Alan Walker performing in 2018'),
(50, 'Lindsay Elizabeth Ell', 'Lindsay Ell', '1989-03-20', 'https://www.lindsayell.com', 'https://instagram.com/lindsayell', 'https://upload.wikimedia.org/wikipedia/commons/4/4e/Lindsay_Ell_2017.jpg', 'Lindsay Ell performing in 2017'),
(51, 'Michael Joseph Jackson', 'Michael Jackson', '1958-08-29', 'https://www.michaeljackson.com', 'https://instagram.com/michaeljackson', 'https://upload.wikimedia.org/wikipedia/commons/5/5e/Michael_Jackson_1988.jpg', 'Michael Jackson performing in 1988'),
(52, 'Elvis Aaron Presley', 'Elvis Presley', '1935-01-08', 'https://www.elvis.com', 'https://instagram.com/elvis', 'https://upload.wikimedia.org/wikipedia/commons/2/2e/Elvis_Presley_1957.jpg', 'Elvis Presley performing in 1957'),
(53, 'Robert Nesta Marley', 'Bob Marley', '1945-02-06', 'https://www.bobmarley.com', 'https://instagram.com/bobmarley', 'https://upload.wikimedia.org/wikipedia/commons/3/3e/Bob_Marley_1980.jpg', 'Bob Marley performing in 1980'),
(54, 'James Marshall Hendrix', 'Jimi Hendrix', '1942-11-27', 'https://www.jimihendrix.com', 'https://instagram.com/jimihendrix', 'https://upload.wikimedia.org/wikipedia/commons/4/4e/Jimi_Hendrix_1967.jpg', 'Jimi Hendrix performing in 1967'),
(55, 'John Winston Lennon', 'John Lennon', '1940-10-09', 'https://www.johnlennon.com', 'https://instagram.com/johnlennon', 'https://upload.wikimedia.org/wikipedia/commons/5/5e/John_Lennon_1974.jpg', 'John Lennon in 1974'),
(56, 'Paul McCartney', 'Paul McCartney', '1942-06-18', 'https://www.paulmccartney.com', 'https://instagram.com/paulmccartney', 'https://upload.wikimedia.org/wikipedia/commons/3/3e/Paul_McCartney_2010.jpg', 'Paul McCartney performing in 2010'),
(57, 'George Harrison', 'George Harrison', '1943-02-25', 'https://www.georgeharrison.com', 'https://instagram.com/georgeharrison', 'https://upload.wikimedia.org/wikipedia/commons/4/4e/George_Harrison_1974.jpg', 'George Harrison in 1974'),
(58, 'Richard Starkey', 'Ringo Starr', '1940-07-07', 'https://www.ringostarr.com', 'https://instagram.com/ringostarr', 'https://upload.wikimedia.org/wikipedia/commons/5/5e/Ringo_Starr_2012.jpg', 'Ringo Starr performing in 2012'),
(59, 'David Robert Jones', 'David Bowie', '1947-01-08', 'https://www.davidbowie.com', 'https://instagram.com/davidbowie', 'https://upload.wikimedia.org/wikipedia/commons/3/3e/David_Bowie_1974.jpg', 'David Bowie performing in 1974'),
(60, 'Freddie Mercury', 'Freddie Mercury', '1946-09-05', 'https://www.freddiemercury.com', 'https://instagram.com/freddiemercury', 'https://upload.wikimedia.org/wikipedia/commons/4/4e/Freddie_Mercury_1985.jpg', 'Freddie Mercury performing in 1985'),
(61, 'Kurt Donald Cobain', 'Kurt Cobain', '1967-02-20', 'https://www.kurtcobain.com', 'https://instagram.com/kurtcobain', 'https://upload.wikimedia.org/wikipedia/commons/5/5e/Kurt_Cobain_1993.jpg', 'Kurt Cobain performing in 1993'),
(62, 'James Hetfield', 'James Hetfield', '1963-08-03', 'https://www.metallica.com', 'https://instagram.com/jameshetfield', 'https://upload.wikimedia.org/wikipedia/commons/3/3e/James_Hetfield_2012.jpg', 'James Hetfield performing in 2012'),
(63, 'Lars Ulrich', 'Lars Ulrich', '1963-12-26', 'https://www.metallica.com', 'https://instagram.com/larsulrich', 'https://upload.wikimedia.org/wikipedia/commons/4/4e/Lars_Ulrich_2012.jpg', 'Lars Ulrich performing in 2012'),
(64, 'Kirk Hammett', 'Kirk Hammett', '1962-11-18', 'https://www.metallica.com', 'https://instagram.com/kirkhammett', 'https://upload.wikimedia.org/wikipedia/commons/5/5e/Kirk_Hammett_2012.jpg', 'Kirk Hammett performing in 2012'),
(65, 'Robert Trujillo', 'Robert Trujillo', '1964-10-23', 'https://www.metallica.com', 'https://instagram.com/roberttrujillo', 'https://upload.wikimedia.org/wikipedia/commons/3/3e/Robert_Trujillo_2012.jpg', 'Robert Trujillo performing in 2012'),
(66, 'Steven Tyler', 'Steven Tyler', '1948-03-26', 'https://www.aerosmith.com', 'https://instagram.com/iamstevent', 'https://upload.wikimedia.org/wikipedia/commons/4/4e/Steven_Tyler_2010.jpg', 'Steven Tyler performing in 2010'),
(67, 'Joe Perry', 'Joe Perry', '1950-09-10', 'https://www.aerosmith.com', 'https://instagram.com/joeperryofficial', 'https://upload.wikimedia.org/wikipedia/commons/5/5e/Joe_Perry_2010.jpg', 'Joe Perry performing in 2010'),
(68, 'Tom Hamilton', 'Tom Hamilton', '1951-12-31', 'https://www.aerosmith.com', 'https://instagram.com/tomhamilton', 'https://upload.wikimedia.org/wikipedia/commons/3/3e/Tom_Hamilton_2010.jpg', 'Tom Hamilton performing in 2010'),
(69, 'Monika Christodoulou', 'Monika', '1985-05-26', 'http://www.iammonika.com', 'https://instagram.com/monika_music', 'https://upload.wikimedia.org/wikipedia/commons/3/3e/Monika_2011.jpg', 'Monika performing in 2011'),
(70, 'Daniella Landy Lubasu', 'DellaXOZ', '2004-08-11', 'https://www.dellaxoz.com', 'https://instagram.com/dellaxoz', 'https://upload.wikimedia.org/wikipedia/commons/4/4e/DellaXOZ_2024.jpg', 'DellaXOZ performing in 2024'),
(71, 'Margaret Elizabeth Lindemann', 'Maggie Lindemann', '1998-07-21', 'https://www.maggielindemann.com', 'https://instagram.com/maggielindemann', 'https://upload.wikimedia.org/wikipedia/commons/3/3e/Maggie_Lindemann_2023.jpg', 'Maggie Lindemann at a 2023 concert'),
(72, 'Devon Rose Renaldo', 'dev.m4a', '1995-10-21', 'http://devm4a.com', 'https://instagram.com/devm4a', 'https://upload.wikimedia.org/wikipedia/commons/5/5e/Devon_Rose_2022.jpg', 'Devon Rose performing in 2022'),
(73, 'María Luisa Trevejo', 'Malú Trevejo', '2002-10-15', 'https://www.malutrevejo-music.com', 'https://instagram.com/malutrevejo', 'https://upload.wikimedia.org/wikipedia/commons/4/4e/Malu_Trevejo_2021.jpg', 'Malú Trevejo at a 2021 event'),
(74, 'Mary Jane Blige', 'Mary J. Blige', '1971-01-11', 'https://www.maryjblige.com', 'https://instagram.com/therealmaryjblige', 'https://upload.wikimedia.org/wikipedia/commons/3/3e/Mary_J_Blige_2019.jpg', 'Mary J. Blige performing in 2019'),
(75, 'Christopher Alan Young', 'Chris Young', '1985-06-12', 'https://www.chrisyoungcountry.com', 'https://instagram.com/chrisyoungmusic', 'https://upload.wikimedia.org/wikipedia/commons/5/5e/Chris_Young_2018.jpg', 'Chris Young at a 2018 concert'),
(76, 'Dean Loaney', 'Dean Lewis', '1987-10-21', 'https://www.deanlewismusic.com', 'https://instagram.com/deanlewis', 'https://upload.wikimedia.org/wikipedia/commons/4/4e/Dean_Lewis_2019.jpg', 'Dean Lewis performing in 2019'),
(77, 'Myles Smith', 'Myles Smith', '1998-03-15', 'https://www.mylessmithmusic.com', 'https://instagram.com/mylessmithuk', 'https://upload.wikimedia.org/wikipedia/commons/3/3e/Myles_Smith_2024.jpg', 'Myles Smith at a 2024 event'),
(78, 'Chappell Roan', 'Chappell Roan', '1998-02-19', 'https://www.chappellroan.com', 'https://instagram.com/chappellroan', 'https://upload.wikimedia.org/wikipedia/commons/5/5e/Chappell_Roan_2023.jpg', 'Chappell Roan performing in 2023'),
(79, 'Courtney Michaela Jones', 'Coco Jones', '1998-01-04', 'https://www.cocojones.com', 'https://instagram.com/cocojones', 'https://upload.wikimedia.org/wikipedia/commons/4/4e/Coco_Jones_2022.jpg', 'Coco Jones at a 2022 event'),
(80, 'Nicole Zefanya', 'NIKI', '1999-01-24', 'https://www.nikizefanya.com', 'https://instagram.com/nikizefanya', 'https://upload.wikimedia.org/wikipedia/commons/3/3e/NIKI_2023.jpg', 'NIKI performing in 2023'),
(81, 'Ashley Nicolette Frangipane', 'Halsey', '1994-09-29', 'https://www.iamhalsey.com', 'https://instagram.com/iamhalsey', 'https://upload.wikimedia.org/wikipedia/commons/5/5e/Halsey_2022.jpg', 'Halsey at a 2022 concert'),
(82, 'William Dunst', 'William Dunst', '2007-07-26', 'https://williamdunst.online', 'https://instagram.com/williamdunst', 'https://upload.wikimedia.org/wikipedia/commons/4/4e/William_Dunst_2024.jpg', 'William Dunst performing in 2024'),
(83, 'Melanie Adele Martinez', 'Melanie Martinez', '1995-04-28', 'https://www.melaniemartinezmusic.com', 'https://instagram.com/littlebodybigheart', 'https://upload.wikimedia.org/wikipedia/commons/3/3e/Melanie_Martinez_2023.jpg', 'Melanie Martinez at a 2023 event'),
(84, 'Kendrick Lamar Duckworth', 'Kendrick Lamar', '1987-06-17', 'https://www.kendricklamar.com', 'https://instagram.com/kendricklamar', 'https://upload.wikimedia.org/wikipedia/commons/5/5e/Kendrick_Lamar_2021.jpg', 'Kendrick Lamar performing in 2021'),
(85, 'Aubrey Drake Graham', 'Drake', '1986-10-24', 'https://www.drakeofficial.com', 'https://instagram.com/champagnepapi', 'https://upload.wikimedia.org/wikipedia/commons/4/4e/Drake_2020.jpg', 'Drake at a 2020 concert'),
(86, 'Shawn Corey Carter', 'Jay-Z', '1969-12-04', 'https://www.jayz.com', 'https://instagram.com/jayz', 'https://upload.wikimedia.org/wikipedia/commons/3/3e/Jay-Z_2019.jpg', 'Jay-Z performing in 2019'),
(87, 'Kayleigh Rose Amstutz', 'Chappell Roan', '1998-02-19', 'https://www.chappellroan.com', 'https://instagram.com/chappellroan', 'https://upload.wikimedia.org/wikipedia/commons/4/4e/Chappell_Roan_2023.jpg', 'Chappell Roan performing in 2023'),
(88, 'Ella Marija Lani Yelich-Connor', 'Lorde', '1996-11-07', 'https://www.lorde.co.nz', 'https://instagram.com/lordemusic', 'https://upload.wikimedia.org/wikipedia/commons/4/4e/Lorde_2022.jpg', 'Lorde performing in 2022'),
(89, 'Choi Seungcheol', 'S.Coups', '1995-08-08', 'https://www.seventeen-17.com', 'https://instagram.com/s.coups', 'https://upload.wikimedia.org/wikipedia/commons/3/3e/S_Coups_2023.jpg', 'S.Coups performing in 2023'),
(90, 'Yoon Jeonghan', 'Jeonghan', '1995-10-04', 'https://www.seventeen-17.com', 'https://instagram.com/jeonghan__17', 'https://upload.wikimedia.org/wikipedia/commons/5/5e/Jeonghan_2023.jpg', 'Jeonghan performing in 2023'),
(91, 'Hong Jisoo', 'Joshua', '1995-12-30', 'https://www.seventeen-17.com', 'https://instagram.com/joshuahong951230', 'https://upload.wikimedia.org/wikipedia/commons/4/4e/Joshua_2023.jpg', 'Joshua performing in 2023'),
(92, 'Wen Junhui', 'Jun', '1996-06-10', 'https://www.seventeen-17.com', 'https://instagram.com/junhui_wen', 'https://upload.wikimedia.org/wikipedia/commons/3/3e/Jun_2023.jpg', 'Jun performing in 2023'),
(93, 'Kwon Soonyoung', 'Hoshi', '1996-06-15', 'https://www.seventeen-17.com', 'https://instagram.com/hoshi_kwon', 'https://upload.wikimedia.org/wikipedia/commons/5/5e/Hoshi_2023.jpg', 'Hoshi performing in 2023'),
(94, 'Jeon Wonwoo', 'Wonwoo', '1996-07-17', 'https://www.seventeen-17.com', 'https://instagram.com/wonwoo_jeon', 'https://upload.wikimedia.org/wikipedia/commons/4/4e/Wonwoo_2023.jpg', 'Wonwoo performing in 2023'),
(95, 'Christopher George Palmer', 'Mr. Lexx', '1974-05-11', 'https://www.mrlexx.com', 'https://instagram.com/mrlexxmusic', 'https://upload.wikimedia.org/wikipedia/commons/3/3e/Mr_Lexx_2023.jpg', 'Mr. Lexx performing in 2023'),
(96, 'Cheryl Sarkisian', 'Cher', '1946-05-20', 'https://www.cher.com', 'https://instagram.com/cher', 'https://upload.wikimedia.org/wikipedia/commons/5/5e/Cher_2019.jpg', 'Cher performing in 2019'),
(97, 'Kayleigh Rose Amstutz', 'Chappell Roan', '1998-02-19', 'https://www.chappellroan.com', 'https://instagram.com/chappellroan', 'https://upload.wikimedia.org/wikipedia/commons/4/4e/Chappell_Roan_2023.jpg', 'Chappell Roan performing in 2023'),
(98, 'Nicole Zefanya', 'NIKI', '1999-01-24', 'https://www.nikizefanya.com', 'https://instagram.com/nikizefanya', 'https://upload.wikimedia.org/wikipedia/commons/3/3e/NIKI_2023.jpg', 'NIKI performing in 2023'),
(99, 'Ashley Nicolette Frangipane', 'Halsey', '1994-09-29', 'https://www.iamhalsey.com', 'https://instagram.com/iamhalsey', 'https://upload.wikimedia.org/wikipedia/commons/5/5e/Halsey_2022.jpg', 'Halsey performing in 2022'),
(100, 'Madison Calley', 'Madison Calley', '1990-06-20', 'https://www.madisoncalley.com', 'https://instagram.com/madisoncalley', 'https://upload.wikimedia.org/wikipedia/commons/4/4e/Madison_Calley_2023.jpg', 'Madison Calley performing in 2023');

INSERT INTO Band (Band_ID, Name, Formation_Date, Website, Instagram_Profile) VALUES 
(1, 'The Lady Gaga Band', '2009-04-01', 'https://www.ladygaga.com', 'https://instagram.com/ladygaga'),
(2, 'The Jay-Z Band', '1991-08-04', 'https://www.jayz.com', 'https://instagram.com/jayz'),
(3, 'The Drake Band', '2004-04-06', 'https://www.drakeofficial.com', 'https://instagram.com/champagnepapi'),
(4, 'The Adele Band', '2007-06-25', 'https://www.adele.com', 'https://instagram.com/adele'),
(5, 'The Rihanna Band', '2008-02-18', 'https://www.rihannanow.com', 'https://instagram.com/badgalriri'),
(6, 'The Eminem Band', '1991-05-09', 'https://www.eminem.com', 'https://instagram.com/eminem'),
(7, 'The Taylor Swift Band', '2007-05-18', 'https://www.taylorswift.com', 'https://instagram.com/taylorswift'),
(8, 'The Kanye West Band', '1996-06-04', 'https://www.kanyewest.com', 'https://instagram.com/kanyewest'),
(9, 'The Beyoncé Band', '2005-09-20', 'https://www.beyonce.com', 'https://instagram.com/beyonce'),
(10, 'The Justin Bieber Band', '2014-09-11', 'https://www.justinbiebermusic.com', 'https://instagram.com/justinbieber'),
(11, 'The Bruno Mars Band', '2009-11-04', 'https://www.brunomars.com', 'https://instagram.com/brunomars'),
(12, 'The Katy Perry Band', '2003-10-08', 'https://www.katyperry.com', 'https://instagram.com/katyperry'),
(13, 'The Rihanna Band', '2007-03-26', 'https://www.rihannanow.com', 'https://instagram.com/badgalriri'),
(14, 'The Bruno Mars Band', '2010-01-15', 'https://www.brunomars.com', 'https://instagram.com/brunomars'),
(15, 'The Alicia Keys Band', '2005-07-07', 'https://www.aliciakeys.com', 'https://instagram.com/aliciakeys'),
(16, 'The Shakira Band', '2000-06-21', 'https://www.shakira.com', 'https://instagram.com/shakira'),
(17, 'The Usher Band', '1998-05-05', 'https://www.usherworld.com', 'https://instagram.com/usher'),
(18, 'The Snoop Dogg Band', '1991-06-13', 'https://www.snoopdogg.com', 'https://instagram.com/snoopdogg'),
(19, 'The Eminem Band', '1992-12-03', 'https://www.eminem.com', 'https://instagram.com/eminem'),
(20, 'The Chris Brown Band', '2014-10-27', 'https://www.chrisbrownworld.com', 'https://instagram.com/chrisbrownofficial'),
(21, 'The Shawn Mendes Band', '2019-05-20', 'https://www.shawnmendesofficial.com', 'https://instagram.com/shawnmendes'),
(22, 'The Camila Cabello Band', '2021-09-03', 'https://www.camilacabello.com', 'https://instagram.com/camila_cabello'),
(23, 'The Ed Sheeran Band', '2010-12-23', 'https://www.edsheeran.com', 'https://instagram.com/teddysphotos'),
(24, 'The Ariana Grande Band', '2018-04-23', 'https://www.arianagrande.com', 'https://instagram.com/arianagrande'),
(25, 'The Billie Eilish Band', '2018-04-23', 'https://www.arianagrande.com', 'https://instagram.com/arianagrande'),
(26, 'The Dua Lipa Band', '2019-10-16', 'https://www.dualipa.com', 'https://instagram.com/dualipa'),
(27, 'The Harry Styles Band', '2012-09-21', 'https://www.hstyles.co.uk', 'https://instagram.com/harrystyles'),
(28, 'The Taylor Swift Band', '2013-06-20', 'https://www.taylorswift.com', 'https://instagram.com/taylorswift'),
(29, 'The Rick Ross Band', '2001-08-08', 'https://www.rickrosspom2.com', 'https://instagram.com/richforever'),
(30, 'The 6ix9ine Band', '2016-04-04', 'https://www.6ix9ine.com', 'https://instagram.com/6ix9ine'),
(31, 'The John Legend Band', '2002-07-03', 'https://www.johnlegend.com', 'https://instagram.com/johnlegend'),
(32, 'The Lana Del Rey Band', '2009-03-10', 'https://www.lanadelrey.com', 'https://instagram.com/lanadelrey'),
(33, 'The Travis Scott Band', '2013-11-26', 'https://www.travisscott.com', 'https://instagram.com/travisscott'),
(34, 'The Cardi B Band', '2015-03-04', 'https://www.cardib.com', 'https://instagram.com/iamcardib'),
(35, 'The Nicki Minaj Band', '2004-09-24', 'https://www.nickiminajofficial.com', 'https://instagram.com/nickiminaj'),
(36, 'The Doja Cat Band', '2018-06-09', 'https://www.dojacat.com', 'https://instagram.com/dojacat'),
(37, 'The Lil Yachty Band', '2017-07-17', 'https://www.lilyachtyofficial.com', 'https://instagram.com/lilyachty'),
(38, 'The Lil Baby Band', '2012-01-10', 'https://www.lilbabyofficial.com', 'https://instagram.com/lilbaby'),
(39, 'The Lil Wayne Band', '2000-10-25', 'https://www.lilwayneofficial.com', 'https://instagram.com/liltunechi'),
(40, 'The Megan Thee Stallion Band', '2017-09-12', 'https://www.megantheestallion.com', 'https://instagram.com/theestallion'),
(41, 'The Drake Band', '2011-09-14', 'https://www.drakeofficial.com', 'https://instagram.com/champagnepapi'),
(42, 'The Jay-Z Band', '1988-06-01', 'https://www.jayz.com', 'https://instagram.com/jayz'),
(43, 'The Eminem Band', '1995-07-01', 'https://www.eminem.com', 'https://instagram.com/eminem'),
(44, 'The Kanye West Band', '1998-02-03', 'https://www.kanyewest.com', 'https://instagram.com/kanyewest'),
(45, 'The 50 Cent Band', '1999-05-06', 'https://www.50cent.com', 'https://instagram.com/50cent'),
(46, 'The Snoop Dogg Band', '1994-07-15', 'https://www.snoopdogg.com', 'https://instagram.com/snoopdogg'),
(47, 'The The Notorious B.I.G. Band', '1992-10-24', 'https://www.thenotoriousbig.com', 'https://instagram.com/thenotoriousbig'),
(48, 'The Adele Band', '2007-11-16', 'https://www.adele.com', 'https://instagram.com/adele'),
(49, 'The Alan Walker Band', '2022-08-19', 'https://www.alanwalker.com', 'https://instagram.com/alanwalkermusic'),
(50, 'The Lindsay Ell Band', '2007-03-28', 'https://www.lindsayell.com', 'https://instagram.com/lindsayell'),
(51, 'The Michael Jackson Band', '1977-07-11', 'https://www.michaeljackson.com', 'https://instagram.com/michaeljackson'),
(52, 'The Elvis Presley Band', '1953-04-07', 'https://www.elvis.com', 'https://instagram.com/elvis'),
(53, 'The Bob Marley Band', '1963-04-07', 'https://www.bobmarley.com', 'https://instagram.com/bobmarley'),
(54, 'The Jimi Hendrix Band', '1966-07-04', 'https://www.jimihendrix.com', 'https://instagram.com/jimihendrix'),
(55, 'The John Lennon Band', '1959-02-02', 'https://www.johnlennon.com', 'https://instagram.com/johnlennon'),
(56, 'The Paul McCartney Band', '1967-07-10', 'https://www.paulmccartney.com', 'https://instagram.com/paulmccartney'),
(57, 'The George Harrison Band', '1963-12-18', 'https://www.georgeharrison.com', 'https://instagram.com/georgeharrison'),
(58, 'The Ringo Starr Band', '1964-12-11', 'https://www.ringostarr.com', 'https://instagram.com/ringostarr'),
(59, 'The David Bowie Band', '1967-04-09', 'https://www.davidbowie.com', 'https://instagram.com/davidbowie'),
(60, 'The Freddie Mercury Band', '1966-01-21', 'https://www.freddiemercury.com', 'https://instagram.com/freddiemercury'),
(61, 'The Kurt Cobain Band', '1989-12-24', 'https://www.kurtcobain.com', 'https://instagram.com/kurtcobain'),
(62, 'The James Hetfield Band', '1982-09-12', 'https://www.metallica.com', 'https://instagram.com/jameshetfield'),
(63, 'The Lars Ulrich Band', '1988-12-13', 'https://www.metallica.com', 'https://instagram.com/larsulrich'),
(64, 'The Kirk Hammett Band', '1980-09-10', 'https://www.metallica.com', 'https://instagram.com/kirkhammett'),
(65, 'The Robert Trujillo Band', '1983-04-21', 'https://www.metallica.com', 'https://instagram.com/roberttrujillo'),
(66, 'The Steven Tyler Band', '1969-06-27', 'https://www.aerosmith.com', 'https://instagram.com/iamstevent'),
(67, 'The Joe Perry Band', '1969-06-24', 'https://www.aerosmith.com', 'https://instagram.com/joeperryofficial'),
(68, 'The Tom Hamilton Band', '1969-07-24', 'https://www.aerosmith.com', 'https://instagram.com/tomhamilton'),
(69, 'The Monika Band', '2007-10-06', 'http://www.iammonika.com', 'https://instagram.com/monika_music'),
(70, 'The DellaXOZ Band', '2022-04-15', 'https://www.dellaxoz.com', 'https://instagram.com/dellaxoz'),
(71, 'The Maggie Lindemann Band', '2021-04-02', 'https://www.maggielindemann.com', 'https://instagram.com/maggielindemann'),
(72, 'The dev.m4a Band', '2019-08-28', 'http://devm4a.com', 'https://instagram.com/devm4a'),
(73, 'The Malú Trevejo Band', '2025-01-24', 'https://www.malutrevejo-music.com', 'https://instagram.com/malutrevejo'),
(74, 'The Mary J. Blige Band', '1995-09-11', 'https://www.maryjblige.com', 'https://instagram.com/therealmaryjblige'),
(75, 'The Chris Young Band', '2007-01-07', 'https://www.chrisyoungcountry.com', 'https://instagram.com/chrisyoungmusic'),
(76, 'The Dean Lewis Band', '2007-05-18', 'https://www.deanlewismusic.com', 'https://instagram.com/deanlewis'),
(77, 'The Myles Smith Band', '2021-08-10', 'https://www.mylessmithmusic.com', 'https://instagram.com/mylessmithuk'),
(78, 'The Chappell Roan Band', '2019-04-14', 'https://www.chappellroan.com', 'https://instagram.com/chappellroan'),
(79, 'The Coco Jones Band', '2020-02-08', 'https://www.cocojones.com', 'https://instagram.com/cocojones'),
(80, 'The NIKI Band', '2017-02-26', 'https://www.nikizefanya.com', 'https://instagram.com/nikizefanya'),
(81, 'The Halsey Band', '2016-11-02', 'https://www.iamhalsey.com', 'https://instagram.com/iamhalsey'),
(82, 'The William Dunst Band', '2025-07-14', 'https://williamdunst.online', 'https://instagram.com/williamdunst'),
(83, 'The Melanie Martinez Band', '2013-12-15', 'https://www.melaniemartinezmusic.com', 'https://instagram.com/littlebodybigheart'),
(84, 'The Kendrick Lamar Band', '2005-12-17', 'https://www.kendricklamar.com', 'https://instagram.com/kendricklamar'),
(85, 'The Drake Band', '2008-12-06', 'https://www.drakeofficial.com', 'https://instagram.com/champagnepapi'),
(86, 'The Jay-Z Band', '1989-02-14', 'https://www.jayz.com', 'https://instagram.com/jayz'),
(87, 'The Chappell Roan Band', '2022-01-13', 'https://www.chappellroan.com', 'https://instagram.com/chappellroan'),
(88, 'The Lorde Band', '2018-10-11', 'https://www.lorde.co.nz', 'https://instagram.com/lordemusic'),
(89, 'The S.Coups Band', '2013-12-03', 'https://www.seventeen-17.com', 'https://instagram.com/s.coups'),
(90, 'The Jeonghan Band', '2015-02-12', 'https://www.seventeen-17.com', 'https://instagram.com/jeonghan__17'),
(91, 'The Joshua Band', '2018-05-04', 'https://www.seventeen-17.com', 'https://instagram.com/joshuahong951230'),
(92, 'The Jun Band', '2015-12-28', 'https://www.seventeen-17.com', 'https://instagram.com/junhui_wen'),
(93, 'The Hoshi Band', '2018-01-04', 'https://www.seventeen-17.com', 'https://instagram.com/hoshi_kwon'),
(94, 'The Wonwoo Band', '2021-08-10', 'https://www.seventeen-17.com', 'https://instagram.com/wonwoo_jeon'),
(95, 'The Mr. Lexx Band', '1994-11-10', 'https://www.mrlexx.com', 'https://instagram.com/mrlexxmusic'),
(96, 'The Cher Band', '1964-07-16', 'https://www.cher.com', 'https://instagram.com/cher'),
(97, 'The Chappell Roan Band', '2021-12-14', 'https://www.chappellroan.com', 'https://instagram.com/chappellroan'),
(98, 'The NIKI Band', '2019-12-27', 'https://www.nikizefanya.com', 'https://instagram.com/nikizefanya'),
(99, 'The Halsey Band', '2014-10-18', 'https://www.iamhalsey.com', 'https://instagram.com/iamhalsey'),
(100, 'The Madison Calley Band', '2013-01-28', 'https://www.madisoncalley.com', 'https://instagram.com/madisoncalley');

INSERT INTO Stage (Stage_ID, Name, Description, Max_Capacity, Technical_Equipment) VALUES 
(1, 'Stage 1', 'Stage Description 1', 711, 'Standard lighting and sound system'),
(2, 'Stage 2', 'Stage Description 2', 423, 'Standard lighting and sound system'),
(3, 'Stage 3', 'Stage Description 3', 303, 'Standard lighting and sound system'),
(4, 'Stage 4', 'Stage Description 4', 272, 'Standard lighting and sound system'),
(5, 'Stage 5', 'Stage Description 5', 544, 'Standard lighting and sound system'),
(6, 'Stage 6', 'Stage Description 6', 105, 'Standard lighting and sound system'),
(7, 'Stage 7', 'Stage Description 7', 419, 'Standard lighting and sound system'),
(8, 'Stage 8', 'Stage Description 8', 591, 'Standard lighting and sound system'),
(9, 'Stage 9', 'Stage Description 9', 242, 'Standard lighting and sound system'),
(10, 'Stage 10', 'Stage Description 10', 121, 'Standard lighting and sound system'),
(11, 'Stage 11', 'Stage Description 11', 638, 'Standard lighting and sound system'),
(12, 'Stage 12', 'Stage Description 12', 577, 'Standard lighting and sound system'),
(13, 'Stage 13', 'Stage Description 13', 502, 'Standard lighting and sound system'),
(14, 'Stage 14', 'Stage Description 14', 392, 'Standard lighting and sound system'),
(15, 'Stage 15', 'Stage Description 15', 618, 'Standard lighting and sound system'),
(16, 'Stage 16', 'Stage Description 16', 159, 'Standard lighting and sound system'),
(17, 'Stage 17', 'Stage Description 17', 218, 'Standard lighting and sound system'),
(18, 'Stage 18', 'Stage Description 18', 196, 'Standard lighting and sound system'),
(19, 'Stage 19', 'Stage Description 19', 239, 'Standard lighting and sound system'),
(20, 'Stage 20', 'Stage Description 20', 592, 'Standard lighting and sound system'),
(21, 'Stage 21', 'Stage Description 21', 702, 'Standard lighting and sound system'),
(22, 'Stage 22', 'Stage Description 22', 349, 'Standard lighting and sound system'),
(23, 'Stage 23', 'Stage Description 23', 641, 'Standard lighting and sound system'),
(24, 'Stage 24', 'Stage Description 24', 250, 'Standard lighting and sound system'),
(25, 'Stage 25', 'Stage Description 25', 625, 'Standard lighting and sound system'),
(26, 'Stage 26', 'Stage Description 26', 602, 'Standard lighting and sound system'),
(27, 'Stage 27', 'Stage Description 27', 256, 'Standard lighting and sound system'),
(28, 'Stage 28', 'Stage Description 28', 654, 'Standard lighting and sound system'),
(29, 'Stage 29', 'Stage Description 29', 796, 'Standard lighting and sound system'),
(30, 'Stage 30', 'Stage Description 30', 496, 'Standard lighting and sound system'),
(31, 'Stage 31', 'Stage Description 31', 248, 'Standard lighting and sound system'),
(32, 'Stage 32', 'Stage Description 32', 186, 'Standard lighting and sound system'),
(33, 'Stage 33', 'Stage Description 33', 234, 'Standard lighting and sound system'),
(34, 'Stage 34', 'Stage Description 34', 248, 'Standard lighting and sound system'),
(35, 'Stage 35', 'Stage Description 35', 561, 'Standard lighting and sound system'),
(36, 'Stage 36', 'Stage Description 36', 623, 'Standard lighting and sound system'),
(37, 'Stage 37', 'Stage Description 37', 469, 'Standard lighting and sound system'),
(38, 'Stage 38', 'Stage Description 38', 710, 'Standard lighting and sound system'),
(39, 'Stage 39', 'Stage Description 39', 651, 'Standard lighting and sound system'),
(40, 'Stage 40', 'Stage Description 40', 800, 'Standard lighting and sound system'),
(41, 'Stage 41', 'Stage Description 41', 707, 'Standard lighting and sound system'),
(42, 'Stage 42', 'Stage Description 42', 744, 'Standard lighting and sound system'),
(43, 'Stage 43', 'Stage Description 43', 350, 'Standard lighting and sound system'),
(44, 'Stage 44', 'Stage Description 44', 867, 'Standard lighting and sound system'),
(45, 'Stage 45', 'Stage Description 45', 113, 'Standard lighting and sound system'),
(46, 'Stage 46', 'Stage Description 46', 516, 'Standard lighting and sound system'),
(47, 'Stage 47', 'Stage Description 47', 521, 'Standard lighting and sound system'),
(48, 'Stage 48', 'Stage Description 48', 731, 'Standard lighting and sound system'),
(49, 'Stage 49', 'Stage Description 49', 662, 'Standard lighting and sound system'),
(50, 'Stage 50', 'Stage Description 50', 630, 'Standard lighting and sound system'),
(51, 'Stage 51', 'Stage Description 51', 989, 'Standard lighting and sound system'),
(52, 'Stage 52', 'Stage Description 52', 326, 'Standard lighting and sound system'),
(53, 'Stage 53', 'Stage Description 53', 851, 'Standard lighting and sound system'),
(54, 'Stage 54', 'Stage Description 54', 656, 'Standard lighting and sound system'),
(55, 'Stage 55', 'Stage Description 55', 862, 'Standard lighting and sound system'),
(56, 'Stage 56', 'Stage Description 56', 998, 'Standard lighting and sound system'),
(57, 'Stage 57', 'Stage Description 57', 416, 'Standard lighting and sound system'),
(58, 'Stage 58', 'Stage Description 58', 544, 'Standard lighting and sound system'),
(59, 'Stage 59', 'Stage Description 59', 358, 'Standard lighting and sound system'),
(60, 'Stage 60', 'Stage Description 60', 766, 'Standard lighting and sound system');


INSERT INTO Location (Location_ID, Address, Coordinates, City, Country, Continent) VALUES 
(1, '44318 Kristin Lights Suite 800', '-34.2997665,-15.999005', 'East Shannonport', 'Honduras', 'Antarctica'),
(2, '452 Booth Turnpike', '-36.2348175,-35.750020', 'Donnaburgh', 'Sri Lanka', 'South America'),
(3, '3383 Mary Fort Suite 378', '-84.9270125,27.279332', 'Briantown', 'Grenada', 'Asia'),
(4, '166 Amber Cliff', '88.075665,-153.033813', 'South Alyssamouth', 'Netherlands', 'Asia'),
(5, '606 Lutz Spring Suite 658', '-48.486177,-172.932815', 'North Thomaschester', 'Oman', 'South America'),
(6, '83014 Smith Harbors', '11.723138,174.940008', 'Port Eileen', 'Greenland', 'North America'),
(7, '2799 Brown Circle Suite 216', '-31.749901,108.184089', 'South Amanda', 'Norway', 'Antarctica'),
(8, '32700 Rachel Spurs Suite 741', '87.3841825,168.807824', 'Lake Wendystad', 'Niger', 'South America'),
(9, '206 Nguyen Key', '48.383539,-63.582076', 'Jamieville', 'Christmas Island', 'Europe'),
(10, '149 Livingston Trace Apt. 237', '36.5443675,91.145844', 'Hamiltonshire', 'Belarus', 'Antarctica'),
(11, '282 Michelle Viaduct Apt. 362', '15.656601,102.760412', 'Lake Saraberg', 'Latvia', 'Africa'),
(12, '8337 Kelly Overpass', '-27.389114,167.841385', 'Amandamouth', 'Belarus', 'North America'),
(13, '3465 Anthony Corner Apt. 577', '48.021608,49.177350', 'Margaretburgh', 'Spain', 'Europe'),
(14, '267 Neal Underpass', '70.540749,-34.510495', 'Morrisshire', 'Estonia', 'Asia'),
(15, '2282 Jeremy Courts Apt. 575', '-40.584762,-80.407648', 'West Seantown', 'Afghanistan', 'Antarctica'),
(16, '5502 Anderson Cove', '-9.857764,117.848126', 'Jamesberg', 'Israel', 'South America'),
(17, '5798 Brittany Ranch Suite 977', '-69.3583465,15.179137', 'Bennettfurt', 'Mauritania', 'Africa'),
(18, '8734 Donald Lake Apt. 389', '23.9510705,-44.491073', 'West Jonathan', 'Colombia', 'South America'),
(19, '9408 Flores Lodge Suite 765', '26.5694275,100.144042', 'Kennethfurt', 'Panama', 'Europe'),
(20, '619 Patricia Garden Suite 563', '-67.3878545,166.716962', 'West Kimberlyburgh', 'South Georgia and the South Sandwich Islands', 'North America');


INSERT INTO Festival (Festival_ID, Year, Start_Date, End_Date, Location_ID) VALUES 
(1, 2008, '2008-05-28', '2008-08-29', 8),
(2, 2009, '2009-05-28', '2009-08-29', 9),
(3, 2010, '2010-05-28', '2010-08-29', 2),
(4, 2011, '2011-05-28', '2011-08-29', 7),
(5, 2012, '2012-05-27', '2012-08-29', 1),
(6, 2013, '2013-05-27', '2013-08-29', 4),
(7, 2014, '2014-05-27', '2014-08-29', 10),
(8, 2015, '2015-05-27', '2015-08-30', 9),
(9, 2016, '2016-05-26', '2016-08-27', 9),
(10, 2017, '2017-05-26', '2017-08-27', 10),
(11, 2018, '2018-05-26', '2018-08-29', 9),
(12, 2019, '2019-05-26', '2019-08-27', 7),
(13, 2020, '2020-05-25', '2020-08-27', 4),
(14, 2021, '2021-05-25', '2021-08-28', 3),
(15, 2022, '2022-05-25', '2022-08-27', 1),
(16, 2023, '2023-05-25', '2023-08-26', 10),
(17, 2024, '2024-05-24', '2024-08-26', 9),
(18, 2025, '2025-05-24', '2025-08-25', 5),
(19, 2026, '2026-04-24', '2026-08-27', 5),
(20, 2027, '2027-04-24', '2027-08-25', 1);


INSERT INTO Visitor (Visitor_ID, First_Name, Last_Name, Contact_Info, Age) VALUES 
(1, 'Kent', 'Webster', 'edward04@yahoo.com', 47),
(2, 'Gary', 'Owens', 'henrycory@carrillo-brown.com', 43),
(3, 'Brooke', 'Butler', 'ihays@fleming.info', 53),
(4, 'Mary', 'Brown', 'sarahcampbell@gmail.com', 18),
(5, 'Tony', 'Martinez', 'latashabrewer@gmail.com', 50),
(6, 'Christina', 'Yates', 'curtisjoyce@yahoo.com', 58),
(7, 'Michael', 'Trevino', 'kdavis@yahoo.com', 63),
(8, 'James', 'Mccarthy', 'richardgray@stewart-moore.com', 45),
(9, 'William', 'Williams', 'tabitha98@rodriguez.com', 42),
(10, 'Jake', 'Hamilton', 'michaelmoore@yahoo.com', 64),
(11, 'Dwayne', 'Kane', 'rcochran@hotmail.com', 46),
(12, 'Anthony', 'Kelly', 'allisoncollins@hotmail.com', 32),
(13, 'Jeremy', 'Mccoy', 'joshua84@williams-burton.com', 62),
(14, 'Maria', 'King', 'elliottelaine@foley.org', 60),
(15, 'David', 'Fernandez', 'taylorpamela@espinoza.com', 33),
(16, 'Jeremy', 'Williams', 'phamwesley@hernandez.com', 52),
(17, 'Adrian', 'Williams', 'vegakristen@yahoo.com', 55),
(18, 'Micheal', 'Chaney', 'omorris@gmail.com', 34),
(19, 'Katherine', 'Trujillo', 'nbates@stephens-lewis.com', 40),
(20, 'David', 'Lang', 'zmorris@parks.com', 32),
(21, 'Kimberly', 'Garcia', 'brandon28@yahoo.com', 49),
(22, 'Daniel', 'Young', 'seanvazquez@gmail.com', 27),
(23, 'Jacob', 'Kline', 'amanda90@smith.com', 24),
(24, 'Taylor', 'Martin', 'kimberly18@rogers.org', 42),
(25, 'Kyle', 'Wang', 'brettcole@carson.com', 32),
(26, 'Sandra', 'Rodriguez', 'christopherfreeman@hotmail.com', 37),
(27, 'Amy', 'Gomez', 'bakerandrew@gmail.com', 19),
(28, 'Michael', 'Morris', 'henry92@gmail.com', 45),
(29, 'Joseph', 'Walker', 'vkelley@daugherty.net', 59),
(30, 'Melissa', 'Green', 'powelllisa@james-boyer.org', 64),
(31, 'Derrick', 'Matthews', 'wendy04@cantu.com', 60),
(32, 'Stephanie', 'Jenkins', 'reedrose@gmail.com', 48),
(33, 'Bryan', 'Paul', 'lwilson@russo-harris.org', 60),
(34, 'Kimberly', 'Cortez', 'washingtonnancy@ramirez.com', 59),
(35, 'David', 'Copeland', 'donaldsullivan@hotmail.com', 29),
(36, 'James', 'Shea', 'kellymary@king-green.com', 31),
(37, 'Angela', 'Coleman', 'nicholsbrittany@gmail.com', 37),
(38, 'Megan', 'Rocha', 'williamserica@kelly.org', 41),
(39, 'Melissa', 'Williams', 'reedashley@taylor.com', 50),
(40, 'Linda', 'Hess', 'qmoore@reyes.org', 39),
(41, 'Rachel', 'Weaver', 'christina16@dunn-sparks.com', 61),
(42, 'Matthew', 'Vaughn', 'brownashley@yahoo.com', 51),
(43, 'Alan', 'James', 'merrittariana@jones.net', 61),
(44, 'Juan', 'Peck', 'pmcdonald@evans-campbell.com', 62),
(45, 'Joseph', 'Coffey', 'edavis@wilson-dawson.com', 32),
(46, 'Joshua', 'Long', 'freyjacob@gmail.com', 21),
(47, 'Susan', 'Robinson', 'kristen17@yahoo.com', 33),
(48, 'Abigail', 'Martin', 'burnsjeffrey@hotmail.com', 65),
(49, 'Felicia', 'Craig', 'dawn66@martin-lee.net', 65),
(50, 'Chris', 'Malone', 'robindodson@brown-cole.com', 62),
(51, 'Jacob', 'Jones', 'susandiaz@hotmail.com', 51),
(52, 'Alexander', 'Bailey', 'bdunlap@white-moss.info', 48),
(53, 'Jeffrey', 'Woods', 'riverastephen@yahoo.com', 52),
(54, 'Sarah', 'Williams', 'edwin94@hotmail.com', 56),
(55, 'Raymond', 'Reyes', 'tara02@gmail.com', 63),
(56, 'Anthony', 'Reyes', 'showard@martinez-ramirez.org', 37),
(57, 'Chad', 'Ellis', 'sheilahughes@bell-ramirez.biz', 59),
(58, 'Tracy', 'Mccoy', 'qjohnson@wilson-hutchinson.com', 46),
(59, 'Norma', 'Anderson', 'nicolehall@yahoo.com', 30),
(60, 'Anita', 'Trujillo', 'dianaward@chandler-watkins.com', 38),
(61, 'Denise', 'Smith', 'ryan90@lewis-hoffman.com', 53),
(62, 'Melanie', 'Spencer', 'castillomary@gates.com', 53),
(63, 'Jeffery', 'Chavez', 'michael24@sherman-hernandez.com', 40),
(64, 'Michelle', 'Johnson', 'tracymarsh@yahoo.com', 48),
(65, 'Timothy', 'Wright', 'collinskaren@gmail.com', 59),
(66, 'Wesley', 'Williams', 'justinblack@howard.info', 51),
(67, 'Tony', 'Brown', 'adamschristopher@nguyen-espinoza.com', 20),
(68, 'Renee', 'Vaughan', 'jrobinson@hotmail.com', 21),
(69, 'Maria', 'Jones', 'samuel88@hotmail.com', 39),
(70, 'Elizabeth', 'Ortega', 'megan18@hansen.biz', 62),
(71, 'Michelle', 'Sosa', 'wmelton@johnson.com', 44),
(72, 'Steven', 'Robinson', 'abigail88@yahoo.com', 31),
(73, 'Jerry', 'Lewis', 'juliareynolds@hotmail.com', 26),
(74, 'Christine', 'Gallagher', 'ojackson@wilson.com', 23),
(75, 'Jennifer', 'Goodwin', 'pgarner@martinez.com', 59),
(76, 'Matthew', 'Hansen', 'terri00@delgado-navarro.info', 61),
(77, 'Diana', 'Downs', 'ghouse@white.com', 46),
(78, 'Johnny', 'Smith', 'christinebarron@brown-hicks.org', 28),
(79, 'Elizabeth', 'Kaiser', 'elizabethhill@reed.com', 60),
(80, 'Kathy', 'Hayes', 'rebeccajimenez@riley-carter.net', 21),
(81, 'Stephen', 'Singleton', 'smithlucas@gmail.com', 57),
(82, 'Brittany', 'Baldwin', 'oliverjeffery@skinner.net', 30),
(83, 'Daniel', 'Nelson', 'taylor36@armstrong.net', 61),
(84, 'Thomas', 'Hernandez', 'warrenkenneth@le.com', 46),
(85, 'Austin', 'Lee', 'mlane@gmail.com', 34),
(86, 'Aaron', 'Johnson', 'vbishop@yahoo.com', 38),
(87, 'Christy', 'Cummings', 'barnesmichael@sherman.com', 31),
(88, 'Glenn', 'Rogers', 'lawrence78@hartman-ware.com', 36),
(89, 'Maria', 'Gray', 'evansmatthew@walls.net', 39),
(90, 'Edwin', 'Sampson', 'brandon18@gmail.com', 63),
(91, 'Michael', 'Barber', 'romerorobin@jackson.biz', 42),
(92, 'Douglas', 'Shaw', 'nrogers@lamb.com', 61),
(93, 'Cody', 'Rodriguez', 'drussell@yahoo.com', 39),
(94, 'Tina', 'Burns', 'christopherflores@whitaker.biz', 46),
(95, 'Douglas', 'Miller', 'romanjoseph@gmail.com', 25),
(96, 'Natalie', 'Kerr', 'brian98@gmail.com', 56),
(97, 'Laura', 'Mcdaniel', 'adamhays@brown-miller.com', 18),
(98, 'Frederick', 'Graham', 'david15@hotmail.com', 50),
(99, 'Mary', 'Choi', 'ronnie12@stanton.com', 51),
(100, 'Destiny', 'Russell', 'johnsonjennifer@hotmail.com', 24),
(101, 'Thomas', 'Randolph', 'kelly57@yahoo.com', 61),
(102, 'Dean', 'Benson', 'kristytravis@phillips.net', 38),
(103, 'Eric', 'Santos', 'xsantos@yahoo.com', 54),
(104, 'Curtis', 'Diaz', 'nathanielfigueroa@gmail.com', 33),
(105, 'Lacey', 'Drake', 'kimberlyjones@bullock.info', 44),
(106, 'Christopher', 'Collins', 'caitlin94@gmail.com', 27),
(107, 'Robin', 'Gordon', 'rachel22@woodward-lynch.info', 58),
(108, 'Matthew', 'Montes', 'yscott@johnson.com', 59),
(109, 'Olivia', 'Perkins', 'espears@ray.org', 27),
(110, 'Kimberly', 'Fowler', 'ryan01@gmail.com', 49),
(111, 'Charles', 'Casey', 'sean09@hotmail.com', 55),
(112, 'Steven', 'Phillips', 'nathanrasmussen@gmail.com', 19),
(113, 'Michael', 'Ellis', 'charles38@hotmail.com', 52),
(114, 'Andrea', 'Thompson', 'craig39@hotmail.com', 53),
(115, 'Louis', 'Williams', 'allison47@gmail.com', 58),
(116, 'Jacob', 'Cervantes', 'fhicks@king-mccullough.com', 34),
(117, 'William', 'Davis', 'mflores@woods-wilson.biz', 60),
(118, 'David', 'Stevens', 'michelejacobson@king-morris.com', 31),
(119, 'Daniel', 'Gregory', 'currystephen@hotmail.com', 42),
(120, 'Hannah', 'Brown', 'michael43@simpson.com', 19),
(121, 'Cathy', 'Mcclure', 'jamescoleman@fowler.com', 49),
(122, 'Raymond', 'Hicks', 'alexanderrodriguez@morris-morgan.com', 50),
(123, 'Elizabeth', 'Collins', 'sdennis@hotmail.com', 58),
(124, 'Alex', 'Young', 'tcarey@hamilton.com', 62),
(125, 'Nathan', 'Gaines', 'twood@silva.com', 36),
(126, 'Kimberly', 'Oconnor', 'davidbryant@gmail.com', 64),
(127, 'Geoffrey', 'Proctor', 'randallweber@gmail.com', 55),
(128, 'Daniel', 'Campbell', 'jenniferneal@hotmail.com', 49),
(129, 'John', 'Kim', 'atucker@hotmail.com', 52),
(130, 'John', 'Smith', 'kevin23@miller.net', 58),
(131, 'Walter', 'Romero', 'garciacarrie@cook-riggs.com', 45),
(132, 'Jamie', 'Daugherty', 'kenneth54@smith-johnson.com', 20),
(133, 'Erin', 'Reyes', 'terrance94@yahoo.com', 47),
(134, 'David', 'Jimenez', 'smithkayla@burton-mitchell.com', 62),
(135, 'Alicia', 'Skinner', 'morristanya@gmail.com', 36),
(136, 'Ashley', 'Ibarra', 'james58@hotmail.com', 28),
(137, 'Joseph', 'Gomez', 'fernandezteresa@gmail.com', 58),
(138, 'Vanessa', 'Sanchez', 'dvelez@yahoo.com', 29),
(139, 'Zachary', 'Fox', 'mcdonaldsean@gmail.com', 48),
(140, 'Helen', 'Dyer', 'jeffrey72@willis-gill.com', 56),
(141, 'Paul', 'Fleming', 'jonesamy@bowers-martin.biz', 29),
(142, 'Joshua', 'Carr', 'lstevens@hotmail.com', 61),
(143, 'Stacy', 'Odonnell', 'lmiller@yahoo.com', 23),
(144, 'Nicholas', 'Clay', 'nscott@hotmail.com', 35),
(145, 'Russell', 'Wagner', 'kjones@yahoo.com', 58),
(146, 'Matthew', 'Diaz', 'simoneric@hotmail.com', 36),
(147, 'Brittany', 'Barber', 'njohnson@gmail.com', 23),
(148, 'Justin', 'Cook', 'olopez@gmail.com', 52),
(149, 'Joshua', 'Mckenzie', 'qrodriguez@lloyd.com', 22),
(150, 'Elizabeth', 'Miller', 'nmccarthy@gmail.com', 31),
(151, 'Maria', 'Hunt', 'phillipbrown@curry.com', 28),
(152, 'Amanda', 'Watson', 'fbuchanan@smith.com', 20),
(153, 'Sandra', 'Pierce', 'mooremichael@yahoo.com', 31),
(154, 'Jacqueline', 'Williams', 'westmichelle@hotmail.com', 43),
(155, 'Linda', 'Petersen', 'matthewadkins@holloway.biz', 31),
(156, 'Sherry', 'Miller', 'ryan60@webster.com', 19),
(157, 'Deborah', 'Anderson', 'uchavez@yahoo.com', 30),
(158, 'Monica', 'Cummings', 'andersonpenny@francis-owen.com', 47),
(159, 'James', 'Rodriguez', 'wilsonkristen@hotmail.com', 57),
(160, 'Alex', 'Ortiz', 'nwiley@gmail.com', 29),
(161, 'David', 'Jordan', 'kimberly46@hotmail.com', 50),
(162, 'David', 'Solomon', 'kimberlylucero@quinn.com', 41),
(163, 'Larry', 'Price', 'richard30@casey.com', 36),
(164, 'Jacqueline', 'Taylor', 'georgesummers@miller-monroe.biz', 48),
(165, 'Adam', 'Johnson', 'acostaleroy@yahoo.com', 30),
(166, 'Daniel', 'Owens', 'stephanieanderson@rodriguez-moreno.net', 42),
(167, 'Teresa', 'Campbell', 'yhaynes@gmail.com', 38),
(168, 'Michael', 'Yang', 'jeremyhull@gmail.com', 19),
(169, 'Dave', 'Lawson', 'josephaguirre@yahoo.com', 28),
(170, 'Latoya', 'Potter', 'floyddavid@yahoo.com', 21),
(171, 'Lisa', 'Smith', 'ghampton@simon.com', 30),
(172, 'Timothy', 'Marsh', 'rodriguezmallory@elliott.org', 41),
(173, 'Christina', 'Leonard', 'pkoch@brown.com', 19),
(174, 'Kelly', 'Larson', 'traceygarcia@gmail.com', 39),
(175, 'Steven', 'Nunez', 'zmoreno@johnson.com', 41),
(176, 'Andrew', 'Medina', 'uclark@burns.com', 52),
(177, 'Bradley', 'Holmes', 'xwiggins@calderon.com', 36),
(178, 'Brady', 'Jones', 'virginia11@hotmail.com', 42),
(179, 'Mike', 'Skinner', 'alexander46@yahoo.com', 39),
(180, 'William', 'Taylor', 'dicksonbrandon@yahoo.com', 18),
(181, 'Patrick', 'Perry', 'jade54@hernandez.info', 31),
(182, 'Jose', 'Moore', 'donaldwalker@pineda.com', 49),
(183, 'Melissa', 'Evans', 'lorettasalinas@small.net', 26),
(184, 'Jeremy', 'Lyons', 'robert61@nguyen-washington.com', 65),
(185, 'Nicole', 'Wu', 'bellnicholas@yahoo.com', 18),
(186, 'Melanie', 'Davis', 'adamskevin@hotmail.com', 65),
(187, 'Candice', 'Simpson', 'jcampos@nichols.org', 61),
(188, 'Kara', 'Bradford', 'donnaherman@smith.com', 48),
(189, 'Teresa', 'Hughes', 'williamsonjonathan@gmail.com', 46),
(190, 'Susan', 'Carrillo', 'mpugh@yahoo.com', 31),
(191, 'Margaret', 'Garner', 'anthony18@schmidt.com', 60),
(192, 'Julie', 'Baldwin', 'jeremyrose@gardner-nicholson.com', 63),
(193, 'Allison', 'Smith', 'mendezkristen@gmail.com', 35),
(194, 'Carlos', 'Dixon', 'steven79@boyle-taylor.com', 48),
(195, 'Jeffrey', 'Maynard', 'xsmith@yahoo.com', 38),
(196, 'Christina', 'Campbell', 'robert08@hotmail.com', 27),
(197, 'Justin', 'Ramirez', 'alejandro10@hotmail.com', 64),
(198, 'Kathleen', 'Holland', 'jgoodwin@gmail.com', 18),
(199, 'Laura', 'Norton', 'millerjoseph@barr.com', 56),
(200, 'Brooke', 'Ramirez', 'rallen@griffin.org', 32),
(201, 'Robert', 'Bell', 'yjones@herrera-brown.com', 48),
(202, 'Claudia', 'Patel', 'sallyknight@massey.com', 38),
(203, 'Gina', 'Reese', 'teresa07@hotmail.com', 55),
(204, 'Joshua', 'Nichols', 'whitneypatrick@yahoo.com', 19),
(205, 'Scott', 'Hamilton', 'susan09@walsh.com', 25),
(206, 'Bobby', 'Smith', 'dylan22@mcbride-cook.biz', 65),
(207, 'Richard', 'Contreras', 'sierra75@lambert.com', 48),
(208, 'Nicole', 'Cannon', 'anthonykaufman@gmail.com', 24),
(209, 'Trevor', 'Singleton', 'madisonbriggs@gmail.com', 45),
(210, 'Steven', 'Riggs', 'cherylvalenzuela@hotmail.com', 56),
(211, 'Kristina', 'Nelson', 'danielflores@ayala.biz', 55),
(212, 'Rita', 'Frank', 'ocampos@hotmail.com', 55),
(213, 'Patrick', 'Wheeler', 'fwyatt@johnson-cox.org', 50),
(214, 'Aaron', 'Patterson', 'brendan41@gmail.com', 41),
(215, 'Carlos', 'Munoz', 'michele52@yahoo.com', 33),
(216, 'Ann', 'Austin', 'paigeflores@graham.org', 34),
(217, 'Steven', 'Estes', 'alexandra51@hotmail.com', 47),
(218, 'Hannah', 'Tucker', 'bonnielong@gmail.com', 27),
(219, 'Travis', 'Jones', 'zmathis@gmail.com', 65),
(220, 'Jenna', 'Rodriguez', 'hannahnunez@holmes.net', 56),
(221, 'Stacey', 'Davis', 'sjenkins@gmail.com', 25),
(222, 'Daniel', 'Everett', 'gmoreno@yahoo.com', 36),
(223, 'Alan', 'Hayes', 'orozcoadam@gmail.com', 48),
(224, 'Wendy', 'Clarke', 'vlawrence@gmail.com', 57),
(225, 'Jeffrey', 'Rollins', 'nreed@gmail.com', 50),
(226, 'Eric', 'Rodriguez', 'amanda50@yahoo.com', 63),
(227, 'Sheila', 'Robinson', 'garciashelley@davis.biz', 51),
(228, 'Trevor', 'Perez', 'clarksarah@yahoo.com', 44),
(229, 'Carla', 'Anderson', 'johnsoncassie@yahoo.com', 36),
(230, 'Ashley', 'Weber', 'daniellenunez@juarez.com', 44),
(231, 'Linda', 'Miller', 'angela05@duncan.com', 20),
(232, 'Justin', 'Pace', 'mtaylor@hotmail.com', 29),
(233, 'Juan', 'Harris', 'kevin29@gmail.com', 46),
(234, 'Steve', 'Rios', 'jthomas@todd.info', 52),
(235, 'Craig', 'Smith', 'yvonnerussell@bonilla.com', 38),
(236, 'Brooke', 'Holloway', 'yjordan@yahoo.com', 56),
(237, 'Veronica', 'Torres', 'brownjeffrey@yahoo.com', 26),
(238, 'Ian', 'Clark', 'wparker@willis-stewart.info', 37),
(239, 'Sandra', 'Chavez', 'jessica89@horton-dixon.com', 44),
(240, 'Larry', 'Murray', 'otodd@hotmail.com', 29),
(241, 'Kim', 'Wagner', 'julie55@gmail.com', 34),
(242, 'Rebecca', 'Harper', 'jeffreycowan@yahoo.com', 25),
(243, 'Anthony', 'Wilson', 'christopher45@hotmail.com', 50),
(244, 'Jeffrey', 'Johnson', 'taylor53@yahoo.com', 27),
(245, 'Christopher', 'Murray', 'ktorres@johnson-tate.com', 33),
(246, 'Anne', 'Davidson', 'hzhang@wang.com', 21),
(247, 'Tara', 'Jackson', 'kathleenburgess@terry.com', 64),
(248, 'Tamara', 'Owen', 'willie62@gmail.com', 59),
(249, 'Heather', 'White', 'davismartha@yahoo.com', 49),
(250, 'Casey', 'Rogers', 'james21@yahoo.com', 31),
(251, 'Ashley', 'Daniels', 'brian88@hunt-williams.org', 41),
(252, 'Jesus', 'Jackson', 'johnsonjeffrey@cervantes.com', 52),
(253, 'Leslie', 'Reid', 'heather92@gmail.com', 32),
(254, 'Ashley', 'Brown', 'xchavez@williams.biz', 22),
(255, 'Kristin', 'Rodriguez', 'edwardsregina@hotmail.com', 43),
(256, 'Tammy', 'Gonzalez', 'bryangraham@yahoo.com', 38),
(257, 'Jason', 'Martinez', 'imerritt@hotmail.com', 35),
(258, 'James', 'Farrell', 'kimberly55@cervantes.com', 55),
(259, 'Lindsay', 'Brown', 'johnlee@hotmail.com', 41),
(260, 'Kenneth', 'Williams', 'ywilliams@davies.info', 44),
(261, 'Joshua', 'Patton', 'kevinwalker@hotmail.com', 60),
(262, 'Elizabeth', 'Scott', 'mnelson@martinez-norman.com', 29),
(263, 'Gregory', 'Reyes', 'elizabethhansen@brown.com', 64),
(264, 'William', 'Williams', 'cathynelson@yahoo.com', 44),
(265, 'Christie', 'Beard', 'zalvarez@yahoo.com', 25),
(266, 'John', 'Rojas', 'kathygill@yahoo.com', 34),
(267, 'Kimberly', 'Carlson', 'tim07@torres.com', 30),
(268, 'Jason', 'Powell', 'walkernatasha@dunn.com', 25),
(269, 'Brian', 'Espinoza', 'rmiller@miller.org', 33),
(270, 'Rachael', 'Bennett', 'mjoyce@sanchez.net', 28),
(271, 'Chad', 'Johnson', 'mccoyhannah@smith.org', 41),
(272, 'Justin', 'Francis', 'vanessa02@hurley.com', 36),
(273, 'Bradley', 'Hart', 'sloanamy@young-johnson.com', 59),
(274, 'Julia', 'Hernandez', 'boydmichael@potter-rodriguez.com', 60),
(275, 'Elizabeth', 'Figueroa', 'jellis@hotmail.com', 20),
(276, 'Justin', 'Douglas', 'scunningham@gmail.com', 53),
(277, 'Beth', 'Franco', 'fhorton@yahoo.com', 25),
(278, 'Garrett', 'Moore', 'tyler92@gmail.com', 24),
(279, 'Sara', 'Rice', 'ryanbullock@harper.com', 40),
(280, 'Martha', 'Cook', 'rebecca10@gmail.com', 27),
(281, 'Brittany', 'Pearson', 'sean28@yahoo.com', 29),
(282, 'Cheryl', 'Kelly', 'christinegutierrez@yahoo.com', 43),
(283, 'Leonard', 'King', 'merritteric@ray.com', 21),
(284, 'Gerald', 'Ray', 'xlara@lyons.com', 36),
(285, 'Austin', 'Herrera', 'jenningsmichael@gmail.com', 35),
(286, 'Misty', 'Welch', 'gregoryjenkins@daniels.com', 50),
(287, 'Benjamin', 'Garcia', 'anita59@bates.com', 29),
(288, 'Jennifer', 'Davis', 'lopezcourtney@patel.com', 57),
(289, 'Donna', 'Collier', 'christina43@hotmail.com', 46),
(290, 'Michael', 'Jones', 'bowmanchelsea@wright.biz', 20),
(291, 'Shannon', 'Jackson', 'stevencampbell@burton.com', 44),
(292, 'Anthony', 'Hanson', 'tpratt@yahoo.com', 21),
(293, 'Sara', 'Martin', 'millerkelly@gmail.com', 35),
(294, 'Kelly', 'Cain', 'griffithlisa@gmail.com', 27),
(295, 'Stephen', 'Miller', 'chris72@hotmail.com', 49),
(296, 'Alexandria', 'Moore', 'christopher80@williams-hanson.biz', 43),
(297, 'Hunter', 'Whitney', 'lyonsmegan@yahoo.com', 53),
(298, 'Joshua', 'Rodriguez', 'ldavila@hotmail.com', 31),
(299, 'Kathy', 'Atkinson', 'elizabethrhodes@gmail.com', 42),
(300, 'Melissa', 'Bean', 'savannah97@roberson-daniel.net', 44),
(301, 'Barbara', 'Buchanan', 'garysawyer@hall.com', 28),
(302, 'Denise', 'Owens', 'amandahill@hotmail.com', 46),
(303, 'William', 'Hayes', 'dana55@gmail.com', 19),
(304, 'Tyrone', 'Snyder', 'jnovak@yahoo.com', 53),
(305, 'Lori', 'Morgan', 'ashleyhendrix@combs.com', 43),
(306, 'Ashley', 'Landry', 'tleonard@lucero-smith.biz', 31),
(307, 'Christopher', 'Townsend', 'karentodd@gibson.com', 52),
(308, 'David', 'Bright', 'josephpamela@cummings.com', 36),
(309, 'Ashley', 'Mcclain', 'nancylewis@wheeler.org', 65),
(310, 'Vanessa', 'Richard', 'frederick22@gmail.com', 40),
(311, 'Steven', 'Stewart', 'mcdonaldangela@sanders.com', 18),
(312, 'Tracey', 'Harper', 'edavila@fields.biz', 31),
(313, 'Ryan', 'Thomas', 'sparkssandra@bennett-thomas.com', 20),
(314, 'Tina', 'Perry', 'amyferguson@yahoo.com', 50),
(315, 'Erin', 'Hale', 'deankeith@gmail.com', 59),
(316, 'Barbara', 'Nguyen', 'owensmichael@gmail.com', 48),
(317, 'Annette', 'Miller', 'jacobschristopher@wolfe.com', 44),
(318, 'Kevin', 'Edwards', 'donnahays@hotmail.com', 49),
(319, 'Olivia', 'Rose', 'robinsongregory@vega.com', 50),
(320, 'Cynthia', 'Morris', 'dixonfrank@phillips.com', 26),
(321, 'Laura', 'Johnson', 'allenwilliams@gmail.com', 41),
(322, 'David', 'Knapp', 'christopher21@brooks-franco.com', 59),
(323, 'Dale', 'Garcia', 'glen87@yahoo.com', 60),
(324, 'Christopher', 'Spence', 'erickelley@hotmail.com', 39),
(325, 'Natalie', 'Henderson', 'richardpotter@may.com', 52),
(326, 'Matthew', 'Ramsey', 'carrieirwin@sullivan.net', 24),
(327, 'Jodi', 'Wagner', 'chaney@cruz-trujillo.com', 43),
(328, 'Holly', 'Garcia', 'angelastone@vang.com', 47),
(329, 'Emily', 'Whitney', 'bartondiane@smith.com', 38),
(330, 'Derrick', 'Howell', 'jacksonaaron@hotmail.com', 44),
(331, 'Steven', 'Tate', 'ucollins@taylor-lopez.net', 19),
(332, 'Kimberly', 'Mitchell', 'matthewryan@brooks.com', 29),
(333, 'Monica', 'Thomas', 'fmiller@hotmail.com', 40),
(334, 'Patricia', 'Clark', 'craig61@hotmail.com', 25),
(335, 'Karen', 'Lopez', 'amandadavidson@gmail.com', 44),
(336, 'Sean', 'Miles', 'kristishaw@jones.com', 46),
(337, 'Shane', 'Thomas', 'belllawrence@hotmail.com', 25),
(338, 'Michelle', 'Jones', 'acontreras@bennett.com', 49),
(339, 'Amber', 'Powers', 'xsheppard@hotmail.com', 58),
(340, 'Tracey', 'Gilbert', 'moorebrian@rogers.com', 60),
(341, 'Patrick', 'Mclaughlin', 'westjose@walker.com', 20),
(342, 'Monica', 'Terry', 'zmorales@pugh.com', 27),
(343, 'Marc', 'Davis', 'jared85@monroe.com', 42),
(344, 'Michael', 'Reeves', 'christophertapia@yahoo.com', 27),
(345, 'Christopher', 'Brooks', 'thomasvictoria@hotmail.com', 47),
(346, 'Brittany', 'Wilkerson', 'katherinematthews@rivera.net', 60),
(347, 'Brian', 'Mcdowell', 'susan85@yahoo.com', 37),
(348, 'Randy', 'Schneider', 'hannahcohen@yahoo.com', 54),
(349, 'Kenneth', 'Stanley', 'kennedybrooke@lewis.com', 37),
(350, 'Tonya', 'Sanchez', 'robert45@miller.com', 19),
(351, 'Debbie', 'Ortiz', 'atkinsandrew@hotmail.com', 53),
(352, 'Tammie', 'Meyer', 'ihernandez@welch-reyes.com', 29),
(353, 'Katherine', 'Jenkins', 'erin17@hamilton-burgess.net', 47),
(354, 'Charles', 'Thompson', 'kylejohnson@ingram.com', 32),
(355, 'Shawn', 'Taylor', 'ronaldhill@yahoo.com', 62),
(356, 'Heidi', 'Norris', 'savannah86@hogan-lee.com', 54),
(357, 'Kelsey', 'Garrett', 'ibarr@gmail.com', 55),
(358, 'Katherine', 'Ryan', 'smithcharles@gmail.com', 46),
(359, 'Gavin', 'Nelson', 'james28@gmail.com', 33),
(360, 'Michelle', 'Potter', 'ewilliams@ramirez.biz', 25),
(361, 'Travis', 'Jones', 'gomezkari@hotmail.com', 47),
(362, 'Kelly', 'Robinson', 'kwood@mendez.info', 35),
(363, 'Anthony', 'Anderson', 'mark51@graham.com', 45),
(364, 'Angelica', 'Clark', 'jennifermendoza@figueroa.org', 24),
(365, 'Jesse', 'Wagner', 'amay@yahoo.com', 41),
(366, 'Lee', 'Buck', 'torresmichael@gmail.com', 42),
(367, 'Alex', 'Bell', 'josemoore@yahoo.com', 62),
(368, 'David', 'Orr', 'gmartinez@le.com', 26),
(369, 'Lauren', 'Torres', 'brandy01@walker-flores.com', 23),
(370, 'Amanda', 'Kelly', 'carrollguy@yahoo.com', 38),
(371, 'George', 'Flores', 'robertsontracey@knight-holt.biz', 25),
(372, 'Wanda', 'Sharp', 'william33@mullins-travis.com', 63),
(373, 'Brooke', 'Giles', 'james25@hotmail.com', 34),
(374, 'Megan', 'Dunn', 'denisejones@yahoo.com', 18),
(375, 'Adrian', 'Adams', 'lee25@yahoo.com', 63),
(376, 'Brian', 'Miller', 'kyledavis@gmail.com', 64),
(377, 'Frank', 'Kennedy', 'joseford@gmail.com', 49),
(378, 'Jessica', 'Shaw', 'williamking@lee.com', 30),
(379, 'Jessica', 'Davis', 'francisco65@rosales.biz', 39),
(380, 'Brandy', 'Whitaker', 'brianduncan@gmail.com', 50),
(381, 'John', 'Moore', 'tanyamartinez@lowery.biz', 59),
(382, 'Nicole', 'Turner', 'kevin45@gmail.com', 62),
(383, 'Steven', 'Garcia', 'lindseypayne@yahoo.com', 63),
(384, 'Stephanie', 'Parker', 'juandavenport@blair-anderson.biz', 48),
(385, 'Michael', 'Daniels', 'nicholastanner@shelton-brown.biz', 65),
(386, 'Xavier', 'Turner', 'joseph26@gmail.com', 27),
(387, 'Heidi', 'Roberts', 'feliciamartinez@green-taylor.com', 31),
(388, 'Lisa', 'Cunningham', 'courtneywhite@finley.net', 55),
(389, 'Miranda', 'Jackson', 'ocarter@price-williams.com', 36),
(390, 'Joshua', 'Thomas', 'jillianespinoza@burns.org', 21),
(391, 'Cassandra', 'Simmons', 'kristinemoore@smith-olson.org', 37),
(392, 'Brian', 'Booker', 'dwayne31@burton-mendez.com', 21),
(393, 'Heather', 'Garrison', 'mitchellmadison@duncan-garza.com', 48),
(394, 'Sarah', 'Jensen', 'mwilliams@vaughan-mckenzie.com', 33),
(395, 'Spencer', 'Murphy', 'jaime44@hotmail.com', 24),
(396, 'Charles', 'Riley', 'william26@juarez.com', 54),
(397, 'Taylor', 'Larson', 'fschmidt@lewis.com', 31),
(398, 'Bradley', 'Drake', 'joshuagray@howell.org', 48),
(399, 'Jenna', 'Smith', 'jonestimothy@english.com', 48),
(400, 'Elizabeth', 'Wood', 'znichols@gmail.com', 35);


INSERT INTO MusicGenre (Genre_ID, Name, Subgenre) VALUES 
(1, 'Rock', 'Hard Rock'),
(2, 'Jazz', 'Bebop'),
(3, 'Electronic', 'House'),
(4, 'Pop', 'Synthpop'),
(5, 'Hip Hop', 'Trap'),
(6, 'Classical', 'Baroque'),
(7, 'Reggae', 'Dub'),
(8, 'Blues', 'Delta Blues'),
(9, 'Folk', 'Indie Folk'),
(10, 'Metal', 'Death Metal'),
(11, 'Country', 'Alt-Country'),
(12, 'Soul', 'Neo Soul'),
(13, 'R&B', 'Contemporary R&B'),
(14, 'Funk', 'P-Funk'),
(15, 'Techno', 'Minimal Techno'),
(16, 'Ambient', 'Dark Ambient'),
(17, 'Punk', 'Post-Punk'),
(18, 'Disco', 'Nu Disco'),
(19, 'Experimental', 'Avant-Garde'),
(20, 'Latin', 'Bossa Nova');

INSERT INTO Event (Event_ID, Festival_ID, Stage_ID, Start_Time, End_Time) VALUES 
(1, 15, 60, '2022-01-01 10:00:00', '2022-01-01 12:00:00'),
(2, 16, 49, '2023-02-02 10:00:00', '2023-02-02 12:00:00'),
(3, 17, 19, '2024-03-03 10:00:00', '2024-03-03 12:00:00'),
(4, 15, 44, '2022-04-04 10:00:00', '2022-04-04 12:00:00'),
(5, 16, 15, '2023-05-05 10:00:00', '2023-05-05 12:00:00'),
(6, 17, 12, '2024-06-06 10:00:00', '2024-06-06 12:00:00'),
(7, 15, 11, '2022-07-07 10:00:00', '2022-07-07 12:00:00'),
(8, 16, 52, '2023-08-08 10:00:00', '2023-08-08 12:00:00'),
(9, 17, 29, '2024-09-09 10:00:00', '2024-09-09 12:00:00'),
(10, 15, 52, '2022-10-10 10:00:00', '2022-10-10 12:00:00'),
(11, 16, 31, '2023-11-11 10:00:00', '2023-11-11 12:00:00'),
(12, 17, 29, '2024-12-12 10:00:00', '2024-12-12 12:00:00'),
(13, 15, 37, '2022-01-13 10:00:00', '2022-01-13 12:00:00'),
(14, 16, 8, '2023-02-14 10:00:00', '2023-02-14 12:00:00'),
(15, 17, 25, '2024-03-15 10:00:00', '2024-03-15 12:00:00'),
(16, 15, 44, '2022-04-16 10:00:00', '2022-04-16 12:00:00'),
(17, 16, 26, '2023-05-17 10:00:00', '2023-05-17 12:00:00'),
(18, 17, 26, '2024-06-18 10:00:00', '2024-06-18 12:00:00'),
(19, 15, 52, '2022-07-19 10:00:00', '2022-07-19 12:00:00'),
(20, 16, 52, '2023-08-20 10:00:00', '2023-08-20 12:00:00'),
(21, 17, 48, '2024-09-21 10:00:00', '2024-09-21 12:00:00'),
(22, 15, 33, '2022-10-22 10:00:00', '2022-10-22 12:00:00'),
(23, 16, 52, '2023-11-23 10:00:00', '2023-11-23 12:00:00'),
(24, 17, 52, '2024-12-24 10:00:00', '2024-12-24 12:00:00'),
(25, 15, 28, '2022-01-25 10:00:00', '2022-01-25 12:00:00'),
(26, 16, 34, '2023-02-26 10:00:00', '2023-02-26 12:00:00'),
(27, 17, 41, '2024-03-27 10:00:00', '2024-03-27 12:00:00'),
(28, 15, 31, '2022-04-28 10:00:00', '2022-04-28 12:00:00'),
(29, 16, 40, '2023-05-01 10:00:00', '2023-05-01 12:00:00'),
(30, 17, 44, '2024-06-02 10:00:00', '2024-06-02 12:00:00'),
(31, 15, 13, '2022-07-03 10:00:00', '2022-07-03 12:00:00'),
(32, 16, 60, '2023-08-04 10:00:00', '2023-08-04 12:00:00'),
(33, 17, 59, '2024-09-05 10:00:00', '2024-09-05 12:00:00'),
(34, 15, 41, '2022-10-06 10:00:00', '2022-10-06 12:00:00'),
(35, 16, 8, '2023-11-07 10:00:00', '2023-11-07 12:00:00'),
(36, 17, 53, '2024-12-08 10:00:00', '2024-12-08 12:00:00'),
(37, 15, 16, '2022-01-09 10:00:00', '2022-01-09 12:00:00'),
(38, 16, 18, '2023-02-10 10:00:00', '2023-02-10 12:00:00'),
(39, 17, 15, '2024-03-11 10:00:00', '2024-03-11 12:00:00'),
(40, 15, 31, '2022-04-12 10:00:00', '2022-04-12 12:00:00'),
(41, 16, 8, '2023-05-13 10:00:00', '2023-05-13 12:00:00'),
(42, 17, 51, '2024-06-14 10:00:00', '2024-06-14 12:00:00'),
(43, 15, 3, '2022-07-15 10:00:00', '2022-07-15 12:00:00'),
(44, 16, 54, '2023-08-16 10:00:00', '2023-08-16 12:00:00'),
(45, 17, 26, '2024-09-17 10:00:00', '2024-09-17 12:00:00'),
(46, 15, 10, '2022-10-18 10:00:00', '2022-10-18 12:00:00'),
(47, 16, 39, '2023-11-19 10:00:00', '2023-11-19 12:00:00'),
(48, 17, 29, '2024-12-20 10:00:00', '2024-12-20 12:00:00'),
(49, 15, 13, '2022-01-21 10:00:00', '2022-01-21 12:00:00'),
(50, 16, 46, '2023-02-22 10:00:00', '2023-02-22 12:00:00'),
(51, 17, 30, '2024-03-23 10:00:00', '2024-03-23 12:00:00'),
(52, 15, 47, '2022-04-24 10:00:00', '2022-04-24 12:00:00'),
(53, 16, 57, '2023-05-25 10:00:00', '2023-05-25 12:00:00'),
(54, 17, 52, '2024-06-26 10:00:00', '2024-06-26 12:00:00'),
(55, 15, 20, '2022-07-27 10:00:00', '2022-07-27 12:00:00'),
(56, 16, 31, '2023-08-28 10:00:00', '2023-08-28 12:00:00'),
(57, 17, 26, '2024-09-01 10:00:00', '2024-09-01 12:00:00'),
(58, 15, 54, '2022-10-02 10:00:00', '2022-10-02 12:00:00'),
(59, 16, 50, '2023-11-03 10:00:00', '2023-11-03 12:00:00'),
(60, 17, 10, '2024-12-04 10:00:00', '2024-12-04 12:00:00'),
(61, 15, 42, '2022-01-05 10:00:00', '2022-01-05 12:00:00'),
(62, 16, 51, '2023-02-06 10:00:00', '2023-02-06 12:00:00'),
(63, 17, 44, '2024-03-07 10:00:00', '2024-03-07 12:00:00'),
(64, 15, 57, '2022-04-08 10:00:00', '2022-04-08 12:00:00'),
(65, 16, 21, '2023-05-09 10:00:00', '2023-05-09 12:00:00'),
(66, 17, 10, '2024-06-10 10:00:00', '2024-06-10 12:00:00'),
(67, 15, 40, '2022-07-11 10:00:00', '2022-07-11 12:00:00'),
(68, 16, 35, '2023-08-12 10:00:00', '2023-08-12 12:00:00'),
(69, 17, 20, '2024-09-13 10:00:00', '2024-09-13 12:00:00'),
(70, 15, 13, '2022-10-14 10:00:00', '2022-10-14 12:00:00'),
(71, 16, 5, '2023-11-15 10:00:00', '2023-11-15 12:00:00'),
(72, 17, 20, '2024-12-16 10:00:00', '2024-12-16 12:00:00'),
(73, 15, 7, '2022-01-17 10:00:00', '2022-01-17 12:00:00'),
(74, 16, 30, '2023-02-18 10:00:00', '2023-02-18 12:00:00'),
(75, 17, 45, '2024-03-19 10:00:00', '2024-03-19 12:00:00'),
(76, 15, 48, '2022-04-20 10:00:00', '2022-04-20 12:00:00'),
(77, 16, 7, '2023-05-21 10:00:00', '2023-05-21 12:00:00'),
(78, 17, 12, '2024-06-22 10:00:00', '2024-06-22 12:00:00'),
(79, 15, 34, '2022-07-23 10:00:00', '2022-07-23 12:00:00'),
(80, 16, 59, '2023-08-24 10:00:00', '2023-08-24 12:00:00'),
(81, 17, 45, '2024-09-25 10:00:00', '2024-09-25 12:00:00'),
(82, 15, 45, '2022-10-26 10:00:00', '2022-10-26 12:00:00'),
(83, 16, 41, '2023-11-27 10:00:00', '2023-11-27 12:00:00'),
(84, 17, 38, '2024-12-28 10:00:00', '2024-12-28 12:00:00'),
(85, 15, 6, '2022-01-01 10:00:00', '2022-01-01 12:00:00'),
(86, 16, 41, '2023-02-02 10:00:00', '2023-02-02 12:00:00'),
(87, 17, 37, '2024-03-03 10:00:00', '2024-03-03 12:00:00'),
(88, 15, 26, '2022-04-04 10:00:00', '2022-04-04 12:00:00'),
(89, 16, 30, '2023-05-05 10:00:00', '2023-05-05 12:00:00'),
(90, 17, 46, '2024-06-06 10:00:00', '2024-06-06 12:00:00'),
(91, 15, 53, '2022-07-07 10:00:00', '2022-07-07 12:00:00'),
(92, 16, 58, '2023-08-08 10:00:00', '2023-08-08 12:00:00'),
(93, 17, 24, '2024-09-09 10:00:00', '2024-09-09 12:00:00'),
(94, 15, 44, '2022-10-10 10:00:00', '2022-10-10 12:00:00'),
(95, 16, 56, '2023-11-11 10:00:00', '2023-11-11 12:00:00'),
(96, 17, 30, '2024-12-12 10:00:00', '2024-12-12 12:00:00'),
(97, 15, 13, '2022-01-13 10:00:00', '2022-01-13 12:00:00'),
(98, 16, 18, '2023-02-14 10:00:00', '2023-02-14 12:00:00'),
(99, 17, 31, '2024-03-15 10:00:00', '2024-03-15 12:00:00'),
(100, 15, 56, '2022-04-16 10:00:00', '2022-04-16 12:00:00'),
(101, 16, 20, '2023-05-17 10:00:00', '2023-05-17 12:00:00'),
(102, 17, 34, '2024-06-18 10:00:00', '2024-06-18 12:00:00'),
(103, 15, 25, '2022-07-19 10:00:00', '2022-07-19 12:00:00'),
(104, 16, 3, '2023-08-20 10:00:00', '2023-08-20 12:00:00'),
(105, 17, 13, '2024-09-21 10:00:00', '2024-09-21 12:00:00'),
(106, 15, 53, '2022-10-22 10:00:00', '2022-10-22 12:00:00'),
(107, 16, 42, '2023-11-23 10:00:00', '2023-11-23 12:00:00'),
(108, 17, 39, '2024-12-24 10:00:00', '2024-12-24 12:00:00'),
(109, 15, 49, '2022-01-25 10:00:00', '2022-01-25 12:00:00'),
(110, 16, 4, '2023-02-26 10:00:00', '2023-02-26 12:00:00'),
(111, 17, 48, '2024-03-27 10:00:00', '2024-03-27 12:00:00'),
(112, 15, 9, '2022-04-28 10:00:00', '2022-04-28 12:00:00'),
(113, 16, 32, '2023-05-01 10:00:00', '2023-05-01 12:00:00'),
(114, 17, 8, '2024-06-02 10:00:00', '2024-06-02 12:00:00'),
(115, 15, 51, '2022-07-03 10:00:00', '2022-07-03 12:00:00'),
(116, 16, 37, '2023-08-04 10:00:00', '2023-08-04 12:00:00'),
(117, 17, 2, '2024-09-05 10:00:00', '2024-09-05 12:00:00'),
(118, 15, 18, '2022-10-06 10:00:00', '2022-10-06 12:00:00'),
(119, 16, 38, '2023-11-07 10:00:00', '2023-11-07 12:00:00'),
(120, 17, 41, '2024-12-08 10:00:00', '2024-12-08 12:00:00'),
(121, 15, 44, '2022-01-09 10:00:00', '2022-01-09 12:00:00'),
(122, 16, 13, '2023-02-10 10:00:00', '2023-02-10 12:00:00'),
(123, 17, 53, '2024-03-11 10:00:00', '2024-03-11 12:00:00'),
(124, 15, 2, '2022-04-12 10:00:00', '2022-04-12 12:00:00'),
(125, 16, 27, '2023-05-13 10:00:00', '2023-05-13 12:00:00'),
(126, 17, 20, '2024-06-14 10:00:00', '2024-06-14 12:00:00'),
(127, 15, 43, '2022-07-15 10:00:00', '2022-07-15 12:00:00'),
(128, 16, 44, '2023-08-16 10:00:00', '2023-08-16 12:00:00'),
(129, 17, 16, '2024-09-17 10:00:00', '2024-09-17 12:00:00'),
(130, 15, 28, '2022-10-18 10:00:00', '2022-10-18 12:00:00'),
(131, 16, 7, '2023-11-19 10:00:00', '2023-11-19 12:00:00'),
(132, 17, 50, '2024-12-20 10:00:00', '2024-12-20 12:00:00'),
(133, 15, 39, '2022-01-21 10:00:00', '2022-01-21 12:00:00'),
(134, 16, 55, '2023-02-22 10:00:00', '2023-02-22 12:00:00'),
(135, 17, 3, '2024-03-23 10:00:00', '2024-03-23 12:00:00'),
(136, 15, 48, '2022-04-24 10:00:00', '2022-04-24 12:00:00'),
(137, 16, 25, '2023-05-25 10:00:00', '2023-05-25 12:00:00'),
(138, 17, 8, '2024-06-26 10:00:00', '2024-06-26 12:00:00'),
(139, 15, 19, '2022-07-27 10:00:00', '2022-07-27 12:00:00'),
(140, 16, 35, '2023-08-28 10:00:00', '2023-08-28 12:00:00'),
(141, 17, 16, '2024-09-01 10:00:00', '2024-09-01 12:00:00'),
(142, 15, 2, '2022-10-02 10:00:00', '2022-10-02 12:00:00'),
(143, 16, 32, '2023-11-03 10:00:00', '2023-11-03 12:00:00'),
(144, 17, 19, '2024-12-04 10:00:00', '2024-12-04 12:00:00'),
(145, 15, 48, '2022-01-05 10:00:00', '2022-01-05 12:00:00'),
(146, 16, 4, '2023-02-06 10:00:00', '2023-02-06 12:00:00'),
(147, 17, 2, '2024-03-07 10:00:00', '2024-03-07 12:00:00'),
(148, 15, 5, '2022-04-08 10:00:00', '2022-04-08 12:00:00'),
(149, 16, 10, '2023-05-09 10:00:00', '2023-05-09 12:00:00'),
(150, 17, 23, '2024-06-10 10:00:00', '2024-06-10 12:00:00'),
(151, 15, 35, '2022-07-11 10:00:00', '2022-07-11 12:00:00'),
(152, 16, 47, '2023-08-12 10:00:00', '2023-08-12 12:00:00'),
(153, 17, 19, '2024-09-13 10:00:00', '2024-09-13 12:00:00'),
(154, 15, 42, '2022-10-14 10:00:00', '2022-10-14 12:00:00'),
(155, 16, 15, '2023-11-15 10:00:00', '2023-11-15 12:00:00'),
(156, 17, 23, '2024-12-16 10:00:00', '2024-12-16 12:00:00'),
(157, 15, 23, '2022-01-17 10:00:00', '2022-01-17 12:00:00'),
(158, 16, 1, '2023-02-18 10:00:00', '2023-02-18 12:00:00'),
(159, 17, 53, '2024-03-19 10:00:00', '2024-03-19 12:00:00'),
(160, 15, 22, '2022-04-20 10:00:00', '2022-04-20 12:00:00'),
(161, 16, 8, '2023-05-21 10:00:00', '2023-05-21 12:00:00'),
(162, 17, 7, '2024-06-22 10:00:00', '2024-06-22 12:00:00'),
(163, 15, 39, '2022-07-23 10:00:00', '2022-07-23 12:00:00'),
(164, 16, 4, '2023-08-24 10:00:00', '2023-08-24 12:00:00'),
(165, 17, 3, '2024-09-25 10:00:00', '2024-09-25 12:00:00'),
(166, 15, 16, '2022-10-26 10:00:00', '2022-10-26 12:00:00'),
(167, 16, 35, '2023-11-27 10:00:00', '2023-11-27 12:00:00'),
(168, 17, 36, '2024-12-28 10:00:00', '2024-12-28 12:00:00'),
(169, 15, 31, '2022-01-01 10:00:00', '2022-01-01 12:00:00'),
(170, 16, 25, '2023-02-02 10:00:00', '2023-02-02 12:00:00'),
(171, 17, 18, '2024-03-03 10:00:00', '2024-03-03 12:00:00'),
(172, 15, 48, '2022-04-04 10:00:00', '2022-04-04 12:00:00'),
(173, 16, 34, '2023-05-05 10:00:00', '2023-05-05 12:00:00'),
(174, 17, 59, '2024-06-06 10:00:00', '2024-06-06 12:00:00'),
(175, 15, 20, '2022-07-07 10:00:00', '2022-07-07 12:00:00'),
(176, 16, 20, '2023-08-08 10:00:00', '2023-08-08 12:00:00'),
(177, 17, 14, '2024-09-09 10:00:00', '2024-09-09 12:00:00'),
(178, 15, 26, '2022-10-10 10:00:00', '2022-10-10 12:00:00'),
(179, 16, 15, '2023-11-11 10:00:00', '2023-11-11 12:00:00'),
(180, 17, 47, '2024-12-12 10:00:00', '2024-12-12 12:00:00'),
(181, 15, 44, '2022-01-13 10:00:00', '2022-01-13 12:00:00'),
(182, 16, 2, '2023-02-14 10:00:00', '2023-02-14 12:00:00'),
(183, 17, 32, '2024-03-15 10:00:00', '2024-03-15 12:00:00'),
(184, 15, 24, '2022-04-16 10:00:00', '2022-04-16 12:00:00'),
(185, 16, 13, '2023-05-17 10:00:00', '2023-05-17 12:00:00'),
(186, 17, 6, '2024-06-18 10:00:00', '2024-06-18 12:00:00'),
(187, 15, 29, '2022-07-19 10:00:00', '2022-07-19 12:00:00'),
(188, 16, 16, '2023-08-20 10:00:00', '2023-08-20 12:00:00'),
(189, 17, 8, '2024-09-21 10:00:00', '2024-09-21 12:00:00'),
(190, 15, 59, '2022-10-22 10:00:00', '2022-10-22 12:00:00'),
(191, 16, 52, '2023-11-23 13:00:00', '2023-11-23 14:00:00'),
(192, 17, 20, '2024-12-24 10:00:00', '2024-12-24 12:00:00'),
(193, 15, 17, '2022-01-25 10:00:00', '2022-01-25 12:00:00'),
(194, 16, 17, '2023-02-26 10:00:00', '2023-02-26 12:00:00'),
(195, 17, 11, '2024-03-27 10:00:00', '2024-03-27 12:00:00'),
(196, 15, 27, '2022-04-28 10:00:00', '2022-04-28 12:00:00'),
(197, 16, 46, '2023-05-01 10:00:00', '2023-05-01 12:00:00'),
(198, 17, 23, '2024-06-02 10:00:00', '2024-06-02 12:00:00'),
(199, 15, 39, '2022-07-03 10:00:00', '2022-07-03 12:00:00'),
(200, 16, 2, '2023-08-04 10:00:00', '2023-08-04 12:00:00');

-- Events for Artist 1 (Lady Gaga)
INSERT INTO Event (Event_ID, Festival_ID, Stage_ID, Start_Time, End_Time) VALUES 
(201, 1, 1, '2008-06-01 14:00:00', '2008-06-01 16:00:00'), -- South America
(202, 2, 1, '2009-06-01 14:00:00', '2009-06-01 16:00:00'), -- Europe
(203, 4, 1, '2011-06-01 14:00:00', '2011-06-01 16:00:00'); -- Antarctica

-- Events for Artist 2 (Jay-Z)
INSERT INTO Event (Event_ID, Festival_ID, Stage_ID, Start_Time, End_Time) VALUES 
(204, 1, 2, '2008-06-02 18:00:00', '2008-06-02 20:00:00'), -- South America
(205, 2, 2, '2009-06-02 18:00:00', '2009-06-02 20:00:00'), -- Europe
(206, 6, 1, '2013-06-01 18:00:00', '2013-06-01 20:00:00'); -- Asia

-- Events for Artist 3 (Drake)
INSERT INTO Event (Event_ID, Festival_ID, Stage_ID, Start_Time, End_Time) VALUES 
(207, 4, 2, '2011-06-02 18:00:00', '2011-06-02 20:00:00'), -- Antarctica
(208, 6, 2, '2013-06-02 18:00:00', '2013-06-02 20:00:00'), -- Asia
(209, 1, 3, '2008-06-03 18:00:00', '2008-06-03 20:00:00'); -- South America

-- Events for Artist 5 (Rihanna)
INSERT INTO Event (Event_ID, Festival_ID, Stage_ID, Start_Time, End_Time) VALUES 
(210, 2, 3, '2009-06-03 18:00:00', '2009-06-03 20:00:00'), -- Europe
(211, 4, 3, '2011-06-03 18:00:00', '2011-06-03 20:00:00'), -- Antarctica
(212, 6, 3, '2013-06-03 18:00:00', '2013-06-03 20:00:00'); -- Asia


INSERT INTO Performance (Performance_ID, Event_ID, Artist_ID, Band_ID, Type, Start_Time, Duration) VALUES 
(1, 85, 17, NULL, 'warm up', '2022-01-01 10:00:00', 87),
(2, 169, 22, NULL, 'headline', '2022-01-01 10:00:00', 69),
(3, 61, 46, NULL, 'headline', '2022-01-05 10:00:00', 88),
(4, 181, 23, NULL, 'warm up', '2022-01-13 10:00:00', 67),
(5, 73, 11, NULL, 'headline', '2022-01-17 10:00:00', 49),
(6, 49, 15, NULL, 'warm up', '2022-01-21 10:00:00', 42),
(7, 25, 76, NULL, 'headline', '2022-01-25 10:00:00', 83),
(8, 193, 17, NULL, 'warm up', '2022-01-25 10:00:00', 49),
(9, 193, 61, NULL, 'headline', '2022-01-25 11:02:00', 34),
(10, 88, 20, NULL, 'warm up', '2022-04-04 10:00:00', 116),
(11, 172, 34, NULL, 'headline', '2022-04-04 10:00:00', 45),
(12, 64, 59, NULL, 'headline', '2022-04-08 10:00:00', 92),
(13, 40, 100, NULL, 'headline', '2022-04-12 10:00:00', 60),
(14, 124, 69, NULL, 'headline', '2022-04-12 10:00:00', 57),
(15, 16, 93, NULL, 'warm up', '2022-04-16 10:00:00', 112),
(16, 184, 48, NULL, 'warm up', '2022-04-16 10:00:00', 61),
(17, 160, 50, NULL, 'headline', '2022-04-20 10:00:00', 69),
(18, 52, 10, NULL, 'headline', '2022-04-24 10:00:00', 39),
(19, 112, 47, NULL, 'headline', '2022-04-28 10:00:00', 86),
(20, 199, 62, NULL, 'headline', '2022-07-03 10:00:00', 67),
(21, 91, 45, NULL, 'warm up', '2022-07-07 10:00:00', 39),
(22, 67, 53, NULL, 'headline', '2022-07-11 10:00:00', 38),
(23, 151, 7, NULL, 'warm up', '2022-07-11 10:00:00', 78),
(24, 103, 91, NULL, 'warm up', '2022-07-19 10:00:00', 32),
(25, 79, 96, NULL, 'warm up', '2022-07-23 10:00:00', 111),
(26, 139, 93, NULL, 'warm up', '2022-07-27 10:00:00', 80),
(27, 142, 62, NULL, 'warm up', '2022-10-02 10:00:00', 81),
(28, 118, 33, NULL, 'warm up', '2022-10-06 10:00:00', 43),
(29, 94, 81, NULL, 'headline', '2022-10-10 10:00:00', 66),
(30, 70, 87, NULL, 'headline', '2022-10-14 10:00:00', 115),
(31, 154, 19, NULL, 'warm up', '2022-10-14 10:00:00', 34),
(32, 46, 45, NULL, 'warm up', '2022-10-18 10:00:00', 59),
(33, 22, 31, NULL, 'headline', '2022-10-22 10:00:00', 52),
(34, 190, 93, NULL, 'warm up', '2022-10-22 10:00:00', 50),
(35, 82, 68, NULL, 'warm up', '2022-10-26 10:00:00', 107),
(36, 166, 73, NULL, 'headline', '2022-10-26 10:00:00', 88),
(37, 86, 21, NULL, 'warm up', '2023-02-02 10:00:00', 117),
(38, 62, 86, NULL, 'warm up', '2023-02-06 10:00:00', 110),
(39, 38, 82, NULL, 'warm up', '2023-02-10 10:00:00', 37),
(40, 14, 23, NULL, 'headline', '2023-02-14 10:00:00', 90),
(41, 98, 94, NULL, 'warm up', '2023-02-14 10:00:00', 104),
(42, 182, 63, NULL, 'headline', '2023-02-14 10:00:00', 113),
(43, 74, 52, NULL, 'warm up', '2023-02-18 10:00:00', 71),
(44, 50, 96, NULL, 'headline', '2023-02-22 10:00:00', 119),
(45, 26, 49, NULL, 'warm up', '2023-02-26 10:00:00', 85),
(46, 110, 34, NULL, 'headline', '2023-02-26 10:00:00', 114),
(47, 29, 90, NULL, 'warm up', '2023-05-01 10:00:00', 41),
(48, 113, 60, NULL, 'warm up', '2023-05-01 10:00:00', 114),
(49, 5, 70, NULL, 'warm up', '2023-05-05 10:00:00', 108),
(50, 125, 63, NULL, 'headline', '2023-05-13 10:00:00', 116),
(51, 17, 68, NULL, 'warm up', '2023-05-17 10:00:00', 101),
(52, 185, 82, NULL, 'headline', '2023-05-17 10:00:00', 48),
(53, 161, 57, NULL, 'warm up', '2023-05-21 10:00:00', 84),
(54, 137, 67, NULL, 'headline', '2023-05-25 10:00:00', 41),
(55, 32, 36, NULL, 'warm up', '2023-08-04 10:00:00', 99),
(56, 116, 18, NULL, 'warm up', '2023-08-04 10:00:00', 51),
(57, 8, 15, NULL, 'warm up', '2023-08-08 10:00:00', 94),
(58, 68, 86, NULL, 'warm up', '2023-08-12 10:00:00', 50),
(59, 44, 78, NULL, 'warm up', '2023-08-16 10:00:00', 114),
(60, 128, 22, NULL, 'headline', '2023-08-16 10:00:00', 32),
(61, 20, 13, NULL, 'headline', '2023-08-20 10:00:00', 50),
(62, 80, 45, NULL, 'warm up', '2023-08-24 10:00:00', 118),
(63, 164, 14, NULL, 'warm up', '2023-08-24 10:00:00', 104),
(64, 56, 79, NULL, 'headline', '2023-08-28 10:00:00', 33),
(65, 140, 72, NULL, 'warm up', '2023-08-28 10:00:00', 35),
(66, 119, 79, NULL, 'headline', '2023-11-07 10:00:00', 106),
(67, 95, 49, NULL, 'warm up', '2023-11-11 10:00:00', 42),
(68, 95, 75, NULL, 'headline', '2023-11-11 10:52:00', 57),
(69, 155, 51, NULL, 'headline', '2023-11-15 10:00:00', 51),
(70, 47, 33, NULL, 'warm up', '2023-11-19 10:00:00', 45),
(71, 131, 95, NULL, 'headline', '2023-11-19 10:00:00', 92),
(72, 23, 83, NULL, 'headline', '2023-11-23 10:00:00', 105),
(73, 107, 22, NULL, 'warm up', '2023-11-23 10:00:00', 97),
(74, 167, 32, NULL, 'warm up', '2023-11-27 10:00:00', 115),
(75, 3, 64, NULL, 'warm up', '2024-03-03 10:00:00', 46),
(76, 87, 86, NULL, 'headline', '2024-03-03 10:00:00', 32),
(77, 39, 15, NULL, 'warm up', '2024-03-11 10:00:00', 81),
(78, 39, 25, NULL, 'headline', '2024-03-11 11:26:00', 34),
(79, 15, 14, NULL, 'headline', '2024-03-15 10:00:00', 34),
(80, 99, 7, NULL, 'headline', '2024-03-15 10:00:00', 89),
(81, 183, 44, NULL, 'headline', '2024-03-15 10:00:00', 96),
(82, 135, 60, NULL, 'headline', '2024-03-23 10:00:00', 46),
(83, 27, 59, NULL, 'headline', '2024-03-27 10:00:00', 76),
(84, 195, 38, NULL, 'headline', '2024-03-27 10:00:00', 50),
(85, 30, 90, NULL, 'headline', '2024-06-02 10:00:00', 81),
(86, 114, 25, NULL, 'headline', '2024-06-02 10:00:00', 115),
(87, 6, 40, NULL, 'headline', '2024-06-06 10:00:00', 40),
(88, 90, 85, NULL, 'headline', '2024-06-06 10:00:00', 114),
(89, 174, 96, NULL, 'headline', '2024-06-06 10:00:00', 31),
(90, 66, 60, NULL, 'headline', '2024-06-10 10:00:00', 82),
(91, 126, 96, NULL, 'headline', '2024-06-14 10:00:00', 63),
(92, 102, 91, NULL, 'headline', '2024-06-18 10:00:00', 118),
(93, 186, 93, NULL, 'headline', '2024-06-18 10:00:00', 55),
(94, 162, 54, NULL, 'headline', '2024-06-22 10:00:00', 86),
(95, 54, 20, NULL, 'headline', '2024-06-26 10:00:00', 118),
(96, 138, 20, NULL, 'headline', '2024-06-27 10:00:00', 88),
(97, 57, 98, NULL, 'warm up', '2024-09-01 10:00:00', 33),
(98, 57, 13, NULL, 'headline', '2024-09-01 10:51:00', 32),
(99, 141, 51, NULL, 'headline', '2024-09-01 10:00:00', 51),
(100, 33, 46, NULL, 'warm up', '2024-09-05 10:00:00', 54),
(101, 33, 47, NULL, 'headline', '2024-09-05 10:59:00', 51),
(102, 117, 92, NULL, 'headline', '2024-09-05 10:00:00', 40),
(103, 93, 75, NULL, 'headline', '2024-09-09 10:00:00', 43),
(104, 177, 82, NULL, 'headline', '2024-09-09 10:00:00', 65),
(105, 69, 76, NULL, 'headline', '2024-09-13 10:00:00', 90),
(106, 153, 35, NULL, 'headline', '2024-09-13 10:00:00', 94),
(107, 45, 28, NULL, 'headline', '2024-09-17 10:00:00', 74),
(108, 105, 54, NULL, 'headline', '2024-09-21 10:00:00', 79),
(109, 81, 78, NULL, 'warm up', '2024-09-25 10:00:00', 30),
(110, 81, 94, NULL, 'headline', '2024-09-25 10:50:00', 63),
(111, 165, 14, NULL, 'headline', '2024-09-25 10:00:00', 81),
(112, 60, 48, NULL, 'headline', '2024-12-04 10:00:00', 83),
(113, 36, 39, NULL, 'headline', '2024-12-08 10:00:00', 97),
(114, 120, 14, NULL, 'headline', '2024-12-08 10:00:00', 62),
(115, 96, 60, NULL, 'headline', '2024-12-12 10:00:00', 58),
(116, 132, 1, NULL, 'headline', '2024-12-20 10:00:00', 50),
(117, 108, 99, NULL, 'headline', '2024-12-24 10:00:00', 36),
(118, 192, 23, NULL, 'headline', '2024-12-24 10:00:00', 65),
(119, 168, 80, NULL, 'warm up', '2024-12-28 10:00:00', 33),
(120, 168, 41, NULL, 'headline', '2024-12-28 10:54:00', 39),
(121, 1, 12, NULL, 'warm up', '2022-01-01 10:00:00', 35),
(122, 1, 33, NULL, 'headline', '2022-01-01 10:53:00', 61),
(123, 85, 69, NULL, 'headline', '2022-01-01 11:35:00', 113),
(124, 145, 98, NULL, 'headline', '2022-01-05 10:00:00', 53),
(125, 121, 98, NULL, 'headline', '2022-01-09 10:00:00', 36),
(126, 13, 21, NULL, 'headline', '2022-01-13 10:00:00', 66),
(127, 181, 35, NULL, 'headline', '2022-01-13 11:15:00', 47),
(128, 49, 54, NULL, 'headline', '2022-01-21 10:52:00', 96),
(129, 133, 24, NULL, 'headline', '2022-01-21 10:00:00', 61),
(130, 4, 94, NULL, 'headline', '2022-04-04 10:00:00', 30),
(131, 88, 6, NULL, 'headline', '2022-04-04 12:01:00', 79),
(132, 16, 63, NULL, 'headline', '2022-04-16 11:57:00', 56),
(133, 100, 56, NULL, 'headline', '2022-04-16 10:00:00', 120),
(134, 184, 76, NULL, 'special guest', '2022-04-16 11:06:00', 59),
(135, 184, 43, NULL, 'headline', '2022-04-16 12:10:00', 39),
(136, 76, 68, NULL, 'headline', '2022-04-20 10:00:00', 76),
(137, 28, 35, NULL, 'headline', '2022-04-28 10:00:00', 106),
(138, 196, 61, NULL, 'headline', '2022-04-28 10:00:00', 76),
(139, 31, 89, NULL, 'headline', '2022-07-03 10:00:00', 95),
(140, 91, 83, NULL, 'headline', '2022-07-07 10:44:00', 37),
(141, 175, 97, NULL, 'headline', '2022-07-07 10:00:00', 44),
(142, 151, 81, NULL, 'headline', '2022-07-11 11:23:00', 49),
(143, 103, 19, NULL, 'headline', '2022-07-19 10:37:00', 79),
(144, 79, 40, NULL, 'headline', '2022-07-23 11:56:00', 111),
(145, 55, 48, NULL, 'headline', '2022-07-27 10:00:00', 60),
(146, 139, 100, NULL, 'headline', '2022-07-27 11:25:00', 47),
(147, 58, 14, NULL, 'headline', '2022-10-02 10:00:00', 44),
(148, 142, 78, NULL, 'headline', '2022-10-02 11:26:00', 82),
(149, 34, 63, NULL, 'headline', '2022-10-06 10:00:00', 108),
(150, 118, 83, NULL, 'headline', '2022-10-06 10:48:00', 76),
(151, 10, 82, NULL, 'headline', '2022-10-10 10:00:00', 60),
(152, 154, 41, NULL, 'headline', '2022-10-14 10:39:00', 72),
(153, 46, 28, NULL, 'headline', '2022-10-18 11:04:00', 56),
(154, 130, 8, NULL, 'headline', '2022-10-18 10:00:00', 115),
(155, 106, 47, NULL, 'headline', '2022-10-22 10:00:00', 100),
(156, 190, 20, NULL, 'headline', '2022-10-22 10:55:00', 61),
(157, 82, 100, NULL, 'special guest', '2022-10-26 11:52:00', 38),
(158, 82, 18, NULL, 'headline', '2022-10-26 12:35:00', 33),
(159, 2, 27, NULL, 'headline', '2023-02-02 10:00:00', 111),
(160, 86, 51, NULL, 'headline', '2023-02-02 12:02:00', 61),
(161, 62, 80, NULL, 'headline', '2023-02-06 11:55:00', 118),
(162, 146, 62, NULL, 'headline', '2023-02-06 10:00:00', 98),
(163, 38, 30, NULL, 'headline', '2023-02-10 10:42:00', 78),
(164, 122, 51, NULL, 'headline', '2023-02-10 10:00:00', 93),
(165, 98, 26, NULL, 'headline', '2023-02-14 11:49:00', 65),
(166, 74, 68, NULL, 'headline', '2023-02-18 11:16:00', 96),
(167, 158, 4, NULL, 'headline', '2023-02-18 10:00:00', 40),
(168, 134, 38, NULL, 'headline', '2023-02-22 10:00:00', 89),
(169, 26, 89, NULL, 'headline', '2023-02-26 11:30:00', 107),
(170, 29, 89, NULL, 'headline', '2023-05-01 10:46:00', 57),
(171, 113, 82, NULL, 'headline', '2023-05-01 11:59:00', 114),
(172, 197, 14, NULL, 'headline', '2023-05-01 10:00:00', 107),
(173, 5, 99, NULL, 'headline', '2023-05-05 11:53:00', 115),
(174, 89, 29, NULL, 'headline', '2023-05-05 10:00:00', 47),
(175, 65, 46, NULL, 'headline', '2023-05-09 10:00:00', 81),
(176, 149, 42, NULL, 'headline', '2023-05-09 10:00:00', 95),
(177, 41, 47, NULL, 'headline', '2023-05-13 10:00:00', 35),
(178, 17, 77, NULL, 'headline', '2023-05-17 11:46:00', 93),
(179, 101, 7, NULL, 'headline', '2023-05-17 10:00:00', 56),
(180, 161, 6, NULL, 'headline', '2023-05-21 11:29:00', 104),
(181, 53, 5, NULL, 'headline', '2023-05-25 10:00:00', 98),
(182, 32, 14, NULL, 'headline', '2023-08-04 11:44:00', 120),
(183, 116, 65, NULL, 'headline', '2023-08-04 10:56:00', 56),
(184, 8, 50, NULL, 'headline', '2023-08-08 11:39:00', 65),
(185, 176, 38, NULL, 'headline', '2023-08-08 10:00:00', 49),
(186, 68, 26, NULL, 'headline', '2023-08-12 10:55:00', 72),
(187, 44, 49, NULL, 'headline', '2023-08-16 11:59:00', 80),
(188, 104, 54, NULL, 'headline', '2023-08-20 10:00:00', 89),
(189, 188, 58, NULL, 'headline', '2023-08-20 10:00:00', 74),
(190, 80, 11, NULL, 'headline', '2023-08-24 12:03:00', 44),
(191, 164, 18, NULL, 'headline', '2023-08-24 11:49:00', 101),
(192, 140, 68, NULL, 'headline', '2023-08-28 10:40:00', 52),
(193, 143, 62, NULL, 'headline', '2023-11-03 10:00:00', 89),
(194, 95, 59, NULL, 'special guest', '2023-11-11 11:55:00', 68),
(195, 71, 93, NULL, 'headline', '2023-11-15 10:00:00', 71),
(196, 47, 52, NULL, 'headline', '2023-11-19 10:50:00', 58),
(197, 107, 86, NULL, 'headline', '2023-11-23 11:42:00', 47),
(198, 167, 11, NULL, 'headline', '2023-11-27 12:00:00', 117),
(199, 3, 14, NULL, 'headline', '2024-03-03 10:51:00', 81),
(200, 171, 29, NULL, 'headline', '2024-03-03 10:00:00', 113);

-- Performances for Artist 1 (Lady Gaga)
INSERT INTO Performance (Performance_ID, Event_ID, Artist_ID, Band_ID, Type, Start_Time, Duration) VALUES 
(201, 201, 1, NULL, 'headline', '2008-06-01 14:00:00', 90),
(202, 202, 1, NULL, 'headline', '2009-06-01 14:00:00', 90),
(203, 203, 1, NULL, 'headline', '2011-06-01 14:00:00', 90);

-- Performances for Artist 2 (Jay-Z)
INSERT INTO Performance (Performance_ID, Event_ID, Artist_ID, Band_ID, Type, Start_Time, Duration) VALUES 
(204, 204, 2, NULL, 'headline', '2008-06-02 18:00:00', 90),
(205, 205, 2, NULL, 'headline', '2009-06-02 18:00:00', 90),
(206, 206, 2, NULL, 'headline', '2013-06-01 18:00:00', 90);

-- Performances for Artist 3 (Drake)
INSERT INTO Performance (Performance_ID, Event_ID, Artist_ID, Band_ID, Type, Start_Time, Duration) VALUES 
(207, 207, 3, NULL, 'headline', '2011-06-02 18:00:00', 90),
(208, 208, 3, NULL, 'headline', '2013-06-02 18:00:00', 90),
(209, 209, 3, NULL, 'headline', '2008-06-03 18:00:00', 90);

-- Performances for Artist 5 (Rihanna)
INSERT INTO Performance (Performance_ID, Event_ID, Artist_ID, Band_ID, Type, Start_Time, Duration) VALUES 
(210, 210, 5, NULL, 'headline', '2009-06-03 18:00:00', 90),
(211, 211, 5, NULL, 'headline', '2011-06-03 18:00:00', 90),
(212, 212, 5, NULL, 'headline', '2013-06-03 18:00:00', 90);

INSERT INTO Ticket (Ticket_ID, Performance_ID, Visitor_ID, Category, Purchase_Date, Cost, Payment_Method, EAN131_Code, Activated) VALUES
(1, 155, 54, 'Backstage', '2023-07-01 20:39:57', 118.87, 'Bank Transfer', 5113583505130, 0),
(2, 44, 354, 'Backstage', '2023-04-22 13:53:04', 61.8, 'Bank Transfer', 2911241515773, 0),
(3, 81, 38, 'General', '2024-06-15 18:01:18', 38.21, 'Debit Card', 4005297022193, 0),
(4, 29, 167, 'VIP', '2022-11-19 14:56:27', 80.11, 'Debit Card', 1866476934865, 0),
(5, 1, 127, 'Backstage', '2021-08-20 22:08:40', 103.96, 'Credit Card', 6646216221114, 0),
(6, 19, 99, 'VIP', '2022-04-10 10:14:33', 143.84, 'Bank Transfer', 5837593726000, 1),
(7, 138, 326, 'General', '2024-03-02 12:38:19', 82.36, 'Debit Card', 1425351297462, 0),
(8, 105, 88, 'VIP', '2024-06-03 19:46:08', 72.87, 'Debit Card', 4954823224755, 1),
(9, 117, 40, 'General', '2024-05-17 14:12:51', 114.04, 'Debit Card', 3174299428118, 0),
(10, 173, 225, 'General', '2022-12-28 09:10:03', 130.53, 'Debit Card', 5007351006461, 1),
(11, 90, 253, 'Backstage', '2024-01-27 20:35:38', 114.81, 'Bank Transfer', 2955149797197, 0),
(12, 196, 399, 'VIP', '2021-12-11 16:43:12', 118.33, 'Debit Card', 1450427877076, 1),
(13, 90, 394, 'General', '2024-03-15 10:51:57', 94.98, 'Credit Card', 1534154194681, 0),
(14, 67, 367, 'General', '2022-03-25 11:27:41', 68.18, 'Bank Transfer', 5041392361300, 1),
(15, 80, 54, 'General', '2023-05-11 14:46:30', 46.94, 'Bank Transfer', 3321652551743, 1),
(16, 138, 354, 'Backstage', '2024-03-09 08:02:14', 56.7, 'Debit Card', 8868286908776, 0),
(17, 109, 203, 'VIP', '2021-10-01 20:00:58', 136.36, 'Credit Card', 1995547730293, 1),
(18, 77, 295, 'VIP', '2023-01-12 15:37:23', 59.77, 'Bank Transfer', 3803233746659, 0),
(19, 109, 183, 'Backstage', '2021-09-08 13:15:07', 21.02, 'Debit Card', 5715297593820, 0),
(20, 77, 222, 'General', '2023-02-18 21:23:51', 136.93, 'Credit Card', 8465477845773, 0),
(21, 155, 29, 'VIP', '2023-07-22 08:30:36', 72.99, 'Bank Transfer', 2863768593057, 0),
(22, 67, 206, 'General', '2022-03-04 17:06:20', 108.91, 'Debit Card', 9812084365318, 0),
(23, 92, 318, 'Backstage', '2023-04-10 11:13:05', 56.42, 'Bank Transfer', 6543839604860, 0),
(24, 164, 52, 'General', '2023-04-28 14:31:54', 102.28, 'Credit Card', 5672388719606, 1),
(25, 99, 310, 'General', '2024-05-13 09:38:38', 98.4, 'Debit Card', 8754426455467, 1),
(26, 147, 361, 'General', '2023-10-19 19:45:22', 138.79, 'Debit Card', 4695283553729, 0),
(27, 116, 364, 'Backstage', '2023-04-15 11:03:06', 78.0, 'Bank Transfer', 4496848177731, 1),
(28, 164, 291, 'VIP', '2023-05-07 22:51:50', 117.11, 'Credit Card', 4002774415806, 1),
(29, 153, 375, 'General', '2024-06-07 15:07:35', 117.41, 'Debit Card', 5967707729480, 1),
(30, 33, 61, 'General', '2024-05-28 09:14:19', 135.77, 'Debit Card', 1690432729656, 1),
(31, 159, 348, 'VIP', '2023-12-01 21:22:03', 54.98, 'Debit Card', 1491248049708, 0),
(32, 62, 156, 'General', '2022-09-28 16:57:48', 122.97, 'Credit Card', 2398168403455, 0),
(33, 66, 290, 'General', '2024-01-19 10:35:32', 57.61, 'Bank Transfer', 8316399683616, 1),
(34, 95, 163, 'Backstage', '2023-07-10 19:04:16', 147.55, 'Debit Card', 8625920539212, 0),
(35, 4, 85, 'Backstage', '2021-12-17 13:51:01', 34.12, 'Bank Transfer', 5800245541939, 1),
(36, 72, 103, 'Backstage', '2023-08-06 08:26:45', 32.93, 'Bank Transfer', 5862473822889, 0),
(37, 172, 306, 'General', '2021-12-03 18:33:29', 39.82, 'Debit Card', 9671260632934, 0),
(38, 154, 219, 'VIP', '2022-07-03 11:11:13', 65.99, 'Bank Transfer', 5840364738886, 1),
(39, 177, 247, 'Backstage', '2024-05-22 22:08:58', 134.26, 'Credit Card', 3874008018651, 0),
(40, 165, 382, 'VIP', '2024-06-10 13:15:42', 42.4, 'Bank Transfer', 1882273169668, 0),
(41, 79, 155, 'Backstage', '2022-03-18 08:22:26', 58.94, 'Credit Card', 1648407219880, 0),
(42, 135, 348, 'Backstage', '2023-11-29 18:40:11', 125.91, 'Debit Card', 2991638828953, 0),
(43, 146, 225, 'Backstage', '2022-10-15 13:05:55', 45.1, 'Debit Card', 2238579841336, 1),
(44, 75, 371, 'Backstage', '2023-07-15 22:33:39', 116.98, 'Bank Transfer', 7354910013586, 0),
(45, 71, 119, 'Backstage', '2023-07-20 14:40:23', 119.12, 'Bank Transfer', 9349514559510, 0),
(46, 44, 281, 'VIP', '2023-04-25 08:59:08', 123.17, 'Bank Transfer', 1655015215126, 0),
(47, 102, 383, 'VIP', '2024-02-20 20:07:52', 143.95, 'Debit Card', 2916471110931, 0),
(48, 71, 310, 'Backstage', '2023-06-03 11:14:36', 21.42, 'Credit Card', 7915633418003, 1),
(49, 178, 83, 'Backstage', '2022-06-12 22:21:20', 61.24, 'Credit Card', 6096865392565, 1),
(50, 41, 388, 'General', '2023-01-08 13:28:05', 89.92, 'Debit Card', 1672166457678, 0),
(51, 59, 145, 'VIP', '2023-07-07 08:34:49', 66.65, 'Debit Card', 4944760343988, 1),
(52, 185, 19, 'Backstage', '2022-12-27 20:41:33', 120.96, 'Bank Transfer', 9951278274879, 0),
(53, 148, 130, 'General', '2021-11-20 11:48:17', 86.77, 'Bank Transfer', 2450613051294, 1),
(54, 77, 138, 'Backstage', '2023-01-30 22:55:02', 87.56, 'Bank Transfer', 4291998474943, 1),
(55, 102, 299, 'Backstage', '2024-03-11 14:01:46', 32.38, 'Credit Card', 4719212867521, 1),
(56, 78, 10, 'Backstage', '2024-06-17 08:08:30', 143.82, 'Bank Transfer', 6321839923691, 1),
(57, 72, 160, 'Backstage', '2023-08-15 20:15:14', 142.12, 'Bank Transfer', 9692313991376, 0),
(58, 12, 237, 'General', '2024-02-10 11:22:58', 139.5, 'Bank Transfer', 6926721835140, 0),
(59, 179, 276, 'Backstage', '2023-07-14 22:29:43', 101.56, 'Debit Card', 7036499509053, 0),
(60, 158, 341, 'VIP', '2022-10-21 13:36:27', 39.42, 'Credit Card', 7440113073581, 1),
(61, 53, 311, 'Backstage', '2023-01-13 08:43:11', 131.95, 'Bank Transfer', 3393264657159, 0),
(62, 92, 31, 'Backstage', '2023-04-21 20:49:55', 84.58, 'Bank Transfer', 4505474491146, 1),
(63, 120, 181, 'General', '2024-08-05 11:56:39', 79.67, 'Credit Card', 1462256423075, 0),
(64, 193, 370, 'General', '2021-09-23 22:03:24', 20.82, 'Debit Card', 2811481902675, 0),
(65, 123, 159, 'Backstage', '2021-08-30 13:10:08', 64.49, 'Credit Card', 6328917564407, 1),
(66, 31, 76, 'Backstage', '2022-03-11 08:16:52', 84.76, 'Bank Transfer', 3616112492561, 1),
(67, 2, 227, 'Backstage', '2022-10-11 20:23:36', 67.06, 'Debit Card', 7103092386429, 0),
(68, 29, 16, 'General', '2022-12-21 11:30:20', 119.01, 'Bank Transfer', 3793155880098, 0),
(69, 118, 125, 'Backstage', '2022-06-04 22:37:05', 84.13, 'Debit Card', 1609338504776, 0),
(70, 114, 358, 'Backstage', '2024-02-09 13:43:49', 110.99, 'Credit Card', 9560986328670, 0),
(71, 50, 172, 'VIP', '2022-10-25 08:50:33', 115.13, 'Bank Transfer', 2093278771576, 1),
(72, 161, 198, 'Backstage', '2023-01-23 20:57:17', 126.27, 'Credit Card', 3827058518767, 1),
(73, 34, 210, 'General', '2022-06-15 12:04:01', 56.27, 'Bank Transfer', 6914688281651, 1),
(74, 75, 288, 'Backstage', '2023-06-29 22:10:46', 100.52, 'Debit Card', 9568648535095, 1),
(75, 186, 312, 'Backstage', '2024-03-17 13:17:30', 97.77, 'Debit Card', 5416485842720, 1),
(76, 158, 344, 'Backstage', '2022-10-04 08:24:14', 88.11, 'Bank Transfer', 2781506782136, 1),
(77, 3, 55, 'Backstage', '2023-11-06 20:30:58', 22.3, 'Debit Card', 4705649897609, 0),
(78, 24, 374, 'Backstage', '2022-03-21 11:37:42', 132.99, 'Debit Card', 4424991549616, 0),
(79, 62, 301, 'VIP', '2022-10-03 22:44:27', 22.7, 'Bank Transfer', 6461681849551, 0),
(80, 159, 23, 'VIP', '2023-11-11 13:51:11', 52.25, 'Debit Card', 3450997403767, 1),
(81, 171, 317, 'Backstage', '2023-11-02 08:57:55', 29.61, 'Bank Transfer', 4851665560238, 0),
(82, 197, 279, 'VIP', '2022-12-15 21:04:39', 95.68, 'Debit Card', 6078844733045, 1),
(83, 163, 334, 'General', '2022-03-27 12:11:23', 131.87, 'Credit Card', 5560161059339, 0),
(84, 16, 36, 'General', '2021-12-06 22:18:07', 140.95, 'Debit Card', 2914939835390, 1),
(85, 92, 127, 'Backstage', '2023-04-05 13:24:52', 40.02, 'Bank Transfer', 3210838257328, 1),
(86, 182, 35, 'Backstage', '2022-10-02 08:31:36', 72.57, 'Debit Card', 2752621069290, 0),
(87, 74, 314, 'General', '2022-09-29 20:38:20', 25.05, 'Credit Card', 5975096717633, 0),
(88, 33, 33, 'General', '2024-05-09 11:45:04', 92.23, 'Credit Card', 2881238286721, 1),
(89, 65, 319, 'General', '2023-01-15 22:51:48', 120.18, 'Bank Transfer', 5291047366954, 0),
(90, 35, 65, 'Backstage', '2022-01-01 13:58:33', 36.53, 'Debit Card', 7443217776707, 1),
(91, 89, 191, 'Backstage', '2022-12-19 09:05:17', 58.88, 'Credit Card', 3202628707096, 0),
(92, 138, 280, 'General', '2024-02-24 21:12:01', 104.67, 'Bank Transfer', 6728671657685, 0),
(93, 60, 101, 'General', '2024-08-13 12:18:45', 42.45, 'Debit Card', 2329068514957, 1),
(94, 123, 117, 'VIP', '2021-09-13 22:25:29', 95.06, 'Credit Card', 9014842366631, 0),
(95, 95, 176, 'Backstage', '2023-07-29 13:32:13', 98.51, 'Credit Card', 3502621720902, 1),
(96, 132, 79, 'General', '2024-08-27 08:38:58', 70.71, 'Debit Card', 5572535314427, 0),
(97, 142, 301, 'VIP', '2022-06-09 20:45:42', 31.0, 'Debit Card', 7413480997352, 1),
(98, 44, 11, 'VIP', '2023-04-10 11:52:26', 88.47, 'Debit Card', 1981831099879, 0),
(99, 107, 391, 'VIP', '2023-07-21 22:59:10', 62.91, 'Bank Transfer', 4596148280958, 1),
(100, 200, 248, 'VIP', '2023-04-07 14:05:54', 45.04, 'Debit Card', 8951113355053, 0),
(101, 28, 328, 'VIP', '2021-12-22 08:12:39', 25.09, 'Bank Transfer', 9582553263040, 1),
(102, 43, 290, 'Backstage', '2022-03-19 20:19:23', 39.86, 'Debit Card', 3806560066743, 1),
(103, 89, 82, 'Backstage', '2022-12-27 11:26:07', 104.57, 'Debit Card', 3882225496800, 0),
(104, 124, 185, 'General', '2021-12-12 22:32:51', 29.04, 'Credit Card', 2385872837177, 0),
(105, 70, 170, 'Backstage', '2022-06-22 13:39:35', 84.78, 'Bank Transfer', 6329633979253, 0),
(106, 76, 156, 'Backstage', '2021-11-16 08:46:20', 136.2, 'Bank Transfer', 2574006934696, 0),
(107, 197, 298, 'General', '2022-12-11 20:53:04', 145.79, 'Debit Card', 9749453286552, 0),
(108, 76, 83, 'Backstage', '2021-11-07 11:59:48', 27.52, 'Credit Card', 8691184055990, 1),
(109, 168, 180, 'VIP', '2024-08-30 22:06:32', 118.12, 'Debit Card', 7580628110405, 0),
(110, 40, 252, 'General', '2021-12-25 13:13:16', 82.14, 'Credit Card', 8535700542265, 1),
(111, 93, 322, 'General', '2024-05-11 08:20:00', 92.96, 'Credit Card', 9127475472877, 0),
(112, 105, 302, 'VIP', '2024-06-08 20:26:45', 94.04, 'Debit Card', 2350333587967, 0),
(113, 111, 176, 'VIP', '2023-11-24 11:33:29', 30.63, 'Credit Card', 5744919150796, 1),
(114, 100, 367, 'Backstage', '2022-01-09 22:40:13', 95.01, 'Debit Card', 7937138266237, 1),
(115, 171, 342, 'Backstage', '2023-11-14 13:46:57', 78.2, 'Debit Card', 1101719383569, 0),
(116, 4, 38, 'General', '2021-12-06 08:53:41', 113.99, 'Credit Card', 3787401042373, 0),
(117, 189, 390, 'Backstage', '2024-05-17 21:00:25', 119.42, 'Debit Card', 4295050191204, 1),
(118, 176, 42, 'General', '2023-04-21 12:07:09', 62.36, 'Credit Card', 8588783962549, 1),
(119, 46, 27, 'General', '2022-06-09 22:13:54', 108.18, 'Bank Transfer', 1110225673795, 0),
(120, 127, 196, 'VIP', '2022-03-29 13:20:38', 127.74, 'Debit Card', 1552572997751, 1),
(121, 18, 139, 'VIP', '2022-07-16 08:27:22', 146.87, 'Debit Card', 7373366362174, 1),
(122, 136, 41, 'VIP', '2022-06-14 20:34:06', 93.72, 'Credit Card', 1471569524281, 0),
(123, 107, 196, 'Backstage', '2023-07-16 11:40:50', 66.42, 'Credit Card', 3551142137399, 1),
(124, 57, 392, 'VIP', '2024-04-25 22:47:34', 145.1, 'Bank Transfer', 1682013404698, 1),
(125, 196, 136, 'Backstage', '2022-01-07 13:54:19', 48.65, 'Credit Card', 7078157374653, 0),
(126, 185, 328, 'VIP', '2022-12-10 09:01:03', 89.15, 'Bank Transfer', 1021030341154, 1),
(127, 178, 158, 'General', '2022-05-24 21:07:47', 127.46, 'Bank Transfer', 3627289447224, 0),
(128, 182, 155, 'Backstage', '2022-09-20 12:14:31', 113.81, 'Credit Card', 6168632159808, 0),
(129, 118, 212, 'General', '2022-06-11 22:21:15', 55.3, 'Bank Transfer', 1807605272514, 0),
(130, 86, 45, 'General', '2022-09-26 13:27:59', 30.15, 'Debit Card', 1010835497688, 0),
(131, 46, 244, 'VIP', '2022-06-19 08:34:43', 24.37, 'Credit Card', 5854935742797, 0),
(132, 93, 291, 'Backstage', '2024-04-27 20:41:28', 92.9, 'Bank Transfer', 8149320675933, 1),
(133, 66, 322, 'Backstage', '2024-01-22 11:48:12', 68.55, 'Credit Card', 7961919281282, 1),
(134, 124, 331, 'VIP', '2021-12-28 22:54:56', 118.85, 'Debit Card', 8328894726157, 0),
(135, 104, 88, 'VIP', '2023-04-09 13:01:40', 47.04, 'Debit Card', 6155855645394, 1),
(136, 52, 2, 'Backstage', '2022-05-20 08:08:24', 83.99, 'Credit Card', 8348461228535, 1),
(137, 77, 69, 'General', '2023-01-18 20:15:08', 146.97, 'Credit Card', 7374148101434, 0),
(138, 148, 212, 'Backstage', '2021-12-22 11:21:53', 22.57, 'Bank Transfer', 4660391780368, 0),
(139, 173, 192, 'VIP', '2022-12-03 22:28:37', 55.42, 'Debit Card', 2800827603595, 0),
(140, 133, 213, 'Backstage', '2022-06-03 13:35:21', 29.61, 'Credit Card', 2882471021110, 1),
(141, 122, 162, 'VIP', '2022-10-04 08:42:05', 81.37, 'Bank Transfer', 6325109056380, 1),
(142, 188, 369, 'VIP', '2023-04-17 20:48:49', 31.7, 'Credit Card', 3643249722375, 0),
(143, 169, 261, 'VIP', '2021-08-25 11:55:33', 98.17, 'Bank Transfer', 8379203563413, 0),
(144, 189, 312, 'General', '2024-05-01 22:02:17', 28.77, 'Debit Card', 4454463181545, 0),
(145, 25, 289, 'General', '2021-09-25 13:09:02', 76.43, 'Bank Transfer', 6435741200427, 1),
(146, 40, 225, 'Backstage', '2021-11-09 08:15:46', 148.83, 'Debit Card', 6754421403881, 0),
(147, 23, 289, 'VIP', '2023-07-02 20:22:30', 75.66, 'Credit Card', 8171021447902, 1),
(148, 14, 159, 'VIP', '2023-04-12 11:29:14', 98.81, 'Bank Transfer', 8154217105997, 0),
(149, 87, 223, 'General', '2023-11-13 22:35:58', 83.93, 'Debit Card', 3404033682037, 0),
(150, 135, 331, 'VIP', '2023-11-04 13:42:42', 70.85, 'Debit Card', 2378750011062, 0),
(151, 72, 197, 'Backstage', '2023-08-10 08:49:26', 94.97, 'Bank Transfer', 2214727305204, 1),
(152, 147, 246, 'Backstage', '2023-10-12 20:56:11', 74.7, 'Bank Transfer', 8099144837628, 0),
(153, 161, 3, 'General', '2023-01-25 12:02:55', 22.7, 'Credit Card', 5867080963098, 1),
(154, 77, 37, 'VIP', '2022-12-01 22:09:39', 121.8, 'Debit Card', 3268832602209, 0),
(155, 112, 321, 'General', '2022-01-15 13:16:23', 145.67, 'Debit Card', 2590824701301, 1),
(156, 189, 45, 'Backstage', '2024-04-29 08:23:07', 122.67, 'Bank Transfer', 3355604429290, 1),
(157, 170, 107, 'Backstage', '2022-10-07 20:29:52', 142.37, 'Debit Card', 7647679123107, 1),
(158, 70, 286, 'Backstage', '2022-06-25 11:36:36', 90.38, 'Debit Card', 9179458862179, 0),
(159, 94, 359, 'General', '2022-06-06 22:43:20', 26.54, 'Debit Card', 9935871771124, 1),
(160, 128, 36, 'General', '2023-04-07 13:50:04', 29.85, 'Debit Card', 4163560958233, 0),
(161, 100, 163, 'General', '2021-12-29 08:56:48', 149.11, 'Bank Transfer', 5147366365726, 0),
(162, 109, 134, 'VIP', '2021-09-17 21:03:32', 105.66, 'Bank Transfer', 7231544583891, 1),
(163, 107, 81, 'General', '2023-06-16 12:10:16', 42.61, 'Bank Transfer', 8811007662236, 1),
(164, 75, 205, 'VIP', '2023-06-26 22:16:50', 76.72, 'Bank Transfer', 1030000658223, 1),
(165, 177, 194, 'Backstage', '2024-05-18 13:23:35', 94.81, 'Credit Card', 7649328807631, 0),
(166, 147, 9, 'General', '2023-10-23 08:30:19', 69.14, 'Credit Card', 5803810699892, 1),
(167, 66, 210, 'VIP', '2024-02-15 20:37:03', 22.49, 'Debit Card', 9571911246526, 1),
(168, 54, 272, 'General', '2024-03-04 11:43:47', 82.76, 'Credit Card', 3503710690046, 1),
(169, 35, 254, 'VIP', '2022-01-04 22:50:31', 135.75, 'Credit Card', 9098964212275, 0),
(170, 177, 327, 'Backstage', '2024-05-08 13:57:15', 79.62, 'Debit Card', 5102485458372, 0),
(171, 142, 310, 'Backstage', '2022-06-14 09:04:00', 79.02, 'Credit Card', 6173808881276, 0),
(172, 183, 156, 'General', '2024-05-18 21:10:44', 113.78, 'Bank Transfer', 9500495155783, 0),
(173, 111, 331, 'VIP', '2023-11-09 12:17:28', 86.9, 'Bank Transfer', 4271028013371, 1),
(174, 155, 347, 'General', '2023-06-20 22:24:12', 48.3, 'Credit Card', 9168136754858, 0),
(175, 46, 240, 'Backstage', '2022-06-17 13:30:56', 131.72, 'Debit Card', 8245056240960, 1),
(176, 45, 57, 'VIP', '2024-05-13 08:37:40', 39.94, 'Credit Card', 1957999226103, 0),
(177, 180, 99, 'General', '2024-07-26 20:44:25', 21.09, 'Credit Card', 1667580848517, 0),
(178, 182, 47, 'VIP', '2022-10-17 11:51:09', 99.9, 'Bank Transfer', 1754150695978, 0),
(179, 191, 338, 'VIP', '2023-07-12 22:57:53', 79.93, 'Bank Transfer', 2310733793602, 0),
(180, 59, 159, 'VIP', '2023-06-25 14:04:37', 66.08, 'Debit Card', 5759000756033, 0),
(181, 107, 252, 'VIP', '2023-07-04 09:11:21', 41.09, 'Credit Card', 3281727502936, 1),
(182, 176, 306, 'General', '2023-04-22 21:18:05', 137.53, 'Credit Card', 1074502096550, 1),
(183, 161, 211, 'Backstage', '2022-12-19 12:24:50', 107.43, 'Debit Card', 5470606858893, 0),
(184, 80, 9, 'VIP', '2023-04-29 22:31:34', 76.02, 'Debit Card', 7405957780560, 1),
(185, 23, 277, 'General', '2023-06-24 13:38:18', 132.12, 'Credit Card', 8765970902929, 1),
(186, 190, 301, 'Backstage', '2022-06-10 08:45:02', 139.51, 'Debit Card', 7105664098163, 1),
(187, 112, 151, 'VIP', '2021-12-29 20:51:46', 53.73, 'Credit Card', 5325686500832, 0),
(188, 105, 167, 'VIP', '2024-06-02 11:58:30', 115.92, 'Credit Card', 4299668549926, 0),
(189, 176, 298, 'VIP', '2023-04-06 22:05:15', 116.92, 'Debit Card', 6700969421848, 1),
(190, 103, 306, 'VIP', '2022-03-14 13:11:59', 55.9, 'Credit Card', 1694177288107, 1),
(191, 52, 193, 'Backstage', '2022-05-24 08:18:43', 66.78, 'Credit Card', 9336887377570, 0),
(192, 149, 55, 'General', '2022-12-07 20:25:27', 61.94, 'Credit Card', 1901430736331, 0),
(193, 178, 289, 'Backstage', '2022-06-17 11:32:11', 127.25, 'Credit Card', 9633827640722, 1),
(194, 106, 284, 'Backstage', '2022-06-03 22:38:55', 131.53, 'Debit Card', 1154849050095, 1),
(195, 181, 72, 'VIP', '2021-10-14 13:45:39', 86.07, 'Credit Card', 7060885094220, 1),
(196, 143, 108, 'General', '2023-07-03 08:52:23', 113.48, 'Credit Card', 6001193854999, 1),
(197, 139, 296, 'General', '2022-03-23 20:59:08', 138.12, 'Bank Transfer', 9229252440734, 0),
(198, 42, 108, 'General', '2022-12-19 12:05:52', 102.56, 'Bank Transfer', 1080792600728, 1),
(199, 142, 245, 'Backstage', '2022-05-27 22:12:36', 21.99, 'Bank Transfer', 7918572488118, 1),
(200, 113, 5, 'VIP', '2023-01-10 13:19:20', 45.3, 'Bank Transfer', 9563931259243, 0),
(201, 92, 255, 'Backstage', '2023-04-17 08:26:04', 123.01, 'Debit Card', 9983440051763, 1),
(202, 105, 77, 'VIP', '2024-05-08 20:32:48', 99.8, 'Debit Card', 7993935099104, 0),
(203, 62, 154, 'Backstage', '2022-09-25 11:39:32', 129.38, 'Credit Card', 7614346711576, 0),
(204, 191, 245, 'VIP', '2023-06-28 22:46:16', 137.43, 'Bank Transfer', 9723008086738, 0),
(205, 53, 148, 'General', '2022-12-02 13:53:01', 80.57, 'Debit Card', 6022614011306, 0),
(206, 83, 168, 'General', '2024-07-18 08:59:45', 107.3, 'Debit Card', 7131972918451, 0),
(207, 198, 200, 'Backstage', '2024-01-01 21:06:29', 128.41, 'Credit Card', 1826499326253, 0),
(208, 92, 246, 'General', '2023-03-31 12:13:13', 128.27, 'Debit Card', 7343118253600, 0),
(209, 106, 99, 'General', '2022-05-28 22:19:57', 65.49, 'Credit Card', 9176118800548, 1),
(210, 102, 165, 'Backstage', '2024-02-06 13:26:41', 40.32, 'Bank Transfer', 5138775593732, 1),
(211, 194, 288, 'VIP', '2023-08-01 08:33:26', 72.7, 'Credit Card', 7349611008039, 0),
(212, 163, 61, 'Backstage', '2022-03-08 20:40:10', 98.07, 'Bank Transfer', 1269236371389, 1),
(213, 48, 330, 'General', '2022-01-17 11:46:54', 76.62, 'Debit Card', 1280719499718, 1),
(214, 78, 370, 'VIP', '2024-05-22 22:53:38', 80.67, 'Credit Card', 7813936356995, 0),
(215, 116, 258, 'VIP', '2023-03-20 13:00:22', 149.87, 'Debit Card', 5624591205248, 1),
(216, 177, 188, 'VIP', '2024-05-06 08:07:06', 24.63, 'Debit Card', 7994915652099, 1),
(217, 94, 89, 'General', '2022-06-19 20:13:51', 57.59, 'Credit Card', 9932827940124, 1),
(218, 19, 166, 'General', '2022-02-19 11:20:35', 98.74, 'Debit Card', 2582063387530, 0),
(219, 3, 69, 'General', '2023-10-22 22:27:19', 104.67, 'Debit Card', 2052696837348, 1),
(220, 164, 43, 'VIP', '2023-04-12 13:34:03', 94.36, 'Bank Transfer', 8473694838861, 0),
(221, 19, 25, 'Backstage', '2022-03-13 08:40:47', 80.67, 'Debit Card', 9632762451911, 0),
(222, 200, 340, 'VIP', '2023-03-29 20:47:31', 64.22, 'Credit Card', 1668421744356, 1),
(223, 183, 128, 'Backstage', '2023-12-25 11:54:16', 78.98, 'Debit Card', 7630460981253, 0),
(224, 46, 180, 'Backstage', '2022-06-11 22:00:59', 51.29, 'Debit Card', 6586026032690, 0),
(225, 78, 321, 'VIP', '2024-05-25 13:07:43', 127.03, 'Credit Card', 7810494105744, 0),
(226, 9, 309, 'VIP', '2022-03-08 08:14:27', 24.6, 'Bank Transfer', 2771124034710, 1),
(227, 94, 237, 'General', '2022-06-01 20:21:12', 71.69, 'Bank Transfer', 6926882045704, 1),
(228, 29, 101, 'General', '2022-12-08 11:27:56', 62.78, 'Debit Card', 6784812081325, 0),
(229, 140, 381, 'Backstage', '2023-04-07 22:34:40', 96.33, 'Debit Card', 2528873642743, 0),
(230, 173, 298, 'Backstage', '2022-12-09 13:41:24', 78.39, 'Bank Transfer', 5676677552294, 1),
(231, 177, 238, 'VIP', '2024-04-20 08:48:08', 82.95, 'Debit Card', 9590237801735, 1),
(232, 35, 280, 'VIP', '2021-12-24 20:54:52', 122.64, 'Debit Card', 9541917668501, 0),
(233, 159, 54, 'Backstage', '2023-11-20 12:01:36', 71.71, 'Credit Card', 5729494888350, 0),
(234, 100, 257, 'Backstage', '2021-12-18 22:08:20', 50.43, 'Debit Card', 9104640303497, 0),
(235, 67, 177, 'Backstage', '2022-02-26 13:15:05', 49.5, 'Bank Transfer', 1438200487546, 0),
(236, 74, 264, 'VIP', '2022-10-24 08:21:49', 142.65, 'Bank Transfer', 4658329400612, 1),
(237, 103, 183, 'Backstage', '2022-02-25 20:28:33', 53.28, 'Bank Transfer', 5294242285721, 0),
(238, 81, 68, 'VIP', '2024-06-05 11:35:17', 129.31, 'Credit Card', 6990650721316, 0),
(239, 84, 43, 'VIP', '2024-08-02 22:42:01', 71.33, 'Bank Transfer', 6765406602432, 0),
(240, 63, 227, 'General', '2024-01-05 13:48:45', 59.68, 'Debit Card', 9535751884681, 1),
(241, 131, 306, 'General', '2023-07-13 08:55:30', 84.76, 'Debit Card', 4862236632830, 0),
(242, 179, 324, 'Backstage', '2023-06-27 21:02:14', 94.64, 'Debit Card', 1581716109041, 0),
(243, 120, 125, 'General', '2024-07-29 12:08:58', 115.68, 'Bank Transfer', 1863736617309, 0),
(244, 83, 338, 'Backstage', '2024-07-26 22:15:42', 92.95, 'Credit Card', 9241492610643, 0),
(245, 193, 201, 'VIP', '2021-09-18 13:22:26', 135.31, 'Debit Card', 2142515489520, 0),
(246, 61, 18, 'VIP', '2021-12-02 08:29:10', 94.4, 'Debit Card', 7901879167276, 1),
(247, 183, 193, 'VIP', '2023-12-21 20:35:54', 107.58, 'Credit Card', 5820542450538, 1),
(248, 156, 60, 'Backstage', '2024-08-03 11:42:38', 118.09, 'Credit Card', 5166379784307, 0),
(249, 10, 71, 'VIP', '2022-06-13 22:49:22', 83.7, 'Bank Transfer', 7560627926633, 0),
(250, 73, 117, 'General', '2021-10-14 13:56:06', 66.48, 'Bank Transfer', 3285664485063, 0),
(251, 182, 103, 'VIP', '2022-10-01 09:02:51', 122.91, 'Debit Card', 7698815755404, 1),
(252, 73, 55, 'Backstage', '2021-09-23 21:09:35', 64.89, 'Credit Card', 2209392960190, 1),
(253, 63, 67, 'Backstage', '2024-01-20 12:16:19', 109.35, 'Debit Card', 1274724454468, 0),
(254, 124, 118, 'VIP', '2021-11-15 22:23:03', 62.02, 'Debit Card', 6721528768215, 1),
(255, 91, 318, 'VIP', '2022-03-03 13:29:47', 73.84, 'Bank Transfer', 6692179248966, 0),
(256, 191, 279, 'VIP', '2023-07-19 08:36:31', 134.35, 'Bank Transfer', 8234394980860, 1),
(257, 5, 92, 'General', '2022-11-20 20:43:15', 122.24, 'Credit Card', 8876900522604, 1),
(258, 48, 349, 'VIP', '2022-06-27 11:49:59', 127.79, 'Bank Transfer', 7466489272749, 0),
(259, 32, 45, 'Backstage', '2023-03-18 22:56:44', 68.17, 'Bank Transfer', 5074031253640, 1),
(260, 179, 113, 'General', '2023-07-08 14:03:28', 134.45, 'Credit Card', 9967530105283, 0),
(261, 27, 124, 'General', '2023-11-08 09:10:12', 149.22, 'Bank Transfer', 5420794415957, 0),
(262, 100, 96, 'VIP', '2021-11-24 21:16:56', 109.31, 'Debit Card', 7230899401769, 1),
(263, 10, 363, 'General', '2022-06-17 12:23:40', 79.98, 'Credit Card', 8697140375421, 1),
(264, 189, 88, 'VIP', '2024-04-22 22:30:24', 27.14, 'Bank Transfer', 7355364907507, 1),
(265, 186, 231, 'VIP', '2024-02-20 13:37:08', 60.31, 'Credit Card', 3008570093638, 0),
(266, 120, 357, 'General', '2024-07-22 08:43:52', 70.63, 'Bank Transfer', 8054617866078, 0),
(267, 92, 334, 'VIP', '2023-03-28 20:50:37', 91.55, 'Debit Card', 5881674212111, 0),
(268, 144, 50, 'General', '2024-07-16 11:57:21', 80.22, 'Credit Card', 6256564239909, 1),
(269, 161, 67, 'VIP', '2023-01-09 22:04:05', 125.75, 'Debit Card', 4510338257406, 0),
(270, 50, 343, 'VIP', '2022-10-10 13:10:49', 66.01, 'Bank Transfer', 7325796571371, 1),
(271, 29, 210, 'General', '2022-11-28 08:17:33', 129.68, 'Debit Card', 9117071205649, 1),
(272, 136, 398, 'VIP', '2022-01-01 20:24:17', 102.12, 'Bank Transfer', 4751195271807, 1),
(273, 104, 396, 'General', '2023-03-24 11:31:02', 120.19, 'Credit Card', 2818161701571, 0),
(274, 109, 340, 'Backstage', '2021-09-19 22:37:46', 57.6, 'Debit Card', 7956945892961, 1),
(275, 25, 240, 'VIP', '2021-09-03 13:44:30', 41.7, 'Bank Transfer', 2751098205454, 0),
(276, 50, 120, 'General', '2022-10-23 08:51:14', 132.5, 'Bank Transfer', 8943491100584, 1),
(277, 161, 277, 'General', '2023-01-15 20:57:58', 25.46, 'Debit Card', 7348126742845, 0),
(278, 88, 250, 'Backstage', '2021-12-15 12:04:42', 50.6, 'Bank Transfer', 4640039155315, 1),
(279, 200, 116, 'General', '2023-03-19 22:11:27', 33.04, 'Credit Card', 1619527367330, 1),
(280, 133, 15, 'General', '2021-10-07 13:18:11', 93.53, 'Credit Card', 7498784364269, 0),
(281, 31, 14, 'Backstage', '2022-02-28 08:24:55', 148.38, 'Debit Card', 8809325385706, 0),
(282, 85, 317, 'VIP', '2021-08-30 20:31:39', 146.46, 'Credit Card', 6407597689399, 1),
(283, 157, 211, 'General', '2021-10-03 11:38:23', 63.04, 'Credit Card', 5347991400985, 0),
(284, 11, 36, 'General', '2022-01-19 22:45:07', 51.43, 'Credit Card', 6210839242522, 0),
(285, 62, 298, 'VIP', '2022-09-27 13:51:51', 57.61, 'Credit Card', 6009307966221, 1),
(286, 47, 1, 'General', '2023-07-10 08:58:36', 24.61, 'Bank Transfer', 7093707291625, 1),
(287, 118, 318, 'VIP', '2022-05-29 21:05:20', 79.43, 'Credit Card', 9236617051148, 1),
(288, 14, 203, 'Backstage', '2023-04-16 12:12:04', 33.42, 'Credit Card', 4648597683411, 0),
(289, 6, 303, 'General', '2024-01-25 22:18:48', 70.34, 'Debit Card', 7096811228858, 0),
(290, 81, 232, 'Backstage', '2024-05-10 13:25:32', 56.28, 'Credit Card', 9663747976227, 1),
(291, 198, 26, 'General', '2024-02-25 08:32:16', 101.67, 'Credit Card', 9926920155793, 0),
(292, 15, 211, 'VIP', '2023-09-20 20:39:01', 73.47, 'Credit Card', 7655045905830, 0),
(293, 7, 319, 'VIP', '2022-02-21 11:45:45', 72.52, 'Credit Card', 3405284679521, 1),
(294, 99, 359, 'VIP', '2024-05-12 22:52:29', 108.5, 'Debit Card', 5895842836932, 1),
(295, 28, 78, 'General', '2021-11-18 13:59:13', 150.0, 'Bank Transfer', 4317592591396, 1),
(296, 63, 267, 'VIP', '2024-01-14 09:05:57', 70.65, 'Credit Card', 1613191484387, 1),
(297, 157, 117, 'VIP', '2021-09-21 21:12:41', 101.52, 'Credit Card', 6010297620977, 1),
(298, 19, 353, 'General', '2022-03-24 12:19:25', 136.41, 'Credit Card', 9343594871254, 1),
(299, 198, 240, 'General', '2023-12-27 22:26:09', 29.83, 'Bank Transfer', 2606301576979, 0),
(300, 145, 159, 'Backstage', '2021-12-16 13:32:54', 45.72, 'Credit Card', 1551805253439, 1),
(301, 51, 176, 'General', '2023-04-15 08:39:38', 140.13, 'Bank Transfer', 5328548804433, 0),
(302, 193, 71, 'General', '2021-08-23 20:46:22', 54.22, 'Credit Card', 8237209635877, 0),
(303, 27, 316, 'General', '2023-11-07 11:53:06', 20.86, 'Bank Transfer', 1464444258733, 0),
(304, 98, 263, 'VIP', '2022-09-23 22:59:50', 61.45, 'Debit Card', 8549906196852, 0),
(305, 167, 250, 'General', '2023-06-26 14:06:34', 109.44, 'Bank Transfer', 7921435242502, 1),
(306, 175, 308, 'VIP', '2022-02-28 09:13:18', 58.77, 'Credit Card', 3325147049438, 1),
(307, 145, 274, 'Backstage', '2021-12-24 21:20:03', 82.95, 'Bank Transfer', 8937610367377, 0),
(308, 6, 380, 'VIP', '2024-02-18 12:26:47', 149.74, 'Bank Transfer', 1616350672242, 0),
(309, 169, 91, 'General', '2021-08-28 22:33:31', 112.39, 'Credit Card', 4491436949255, 0),
(310, 62, 378, 'Backstage', '2022-10-02 13:40:15', 45.36, 'Credit Card', 5809803382877, 1),
(311, 25, 46, 'VIP', '2021-09-12 08:46:59', 103.27, 'Debit Card', 1682181177716, 1),
(312, 27, 382, 'VIP', '2023-11-19 20:53:43', 38.37, 'Credit Card', 5764193406569, 0),
(313, 59, 400, 'VIP', '2023-06-27 11:00:27', 145.3, 'Credit Card', 8233913741342, 0),
(314, 168, 299, 'VIP', '2024-08-17 22:07:11', 139.25, 'Credit Card', 7729088961816, 0),
(315, 119, 393, 'General', '2023-06-23 13:13:55', 122.63, 'Debit Card', 3586576938454, 1),
(316, 22, 369, 'General', '2022-06-05 08:20:40', 121.98, 'Credit Card', 3095905930525, 1),
(317, 69, 284, 'Backstage', '2024-04-20 20:27:24', 134.56, 'Credit Card', 9778805099336, 0),
(318, 149, 319, 'General', '2022-12-28 11:34:08', 31.08, 'Credit Card', 7959586645400, 0),
(319, 75, 254, 'Backstage', '2023-07-01 22:40:52', 95.57, 'Credit Card', 1472720467554, 1),
(320, 181, 75, 'General', '2021-10-06 13:47:36', 44.87, 'Debit Card', 6919815864216, 1),
(321, 75, 132, 'General', '2023-06-29 08:54:20', 146.2, 'Bank Transfer', 1184672919994, 1),
(322, 57, 3, 'General', '2024-05-12 21:01:04', 92.76, 'Debit Card', 8206062072388, 1),
(323, 189, 22, 'Backstage', '2024-05-24 12:07:49', 86.41, 'Credit Card', 7681655626051, 1),
(324, 55, 13, 'General', '2022-03-16 22:14:33', 104.63, 'Bank Transfer', 1805825270549, 1),
(325, 169, 293, 'VIP', '2021-08-18 13:21:17', 95.87, 'Bank Transfer', 1055964302997, 1),
(326, 82, 10, 'General', '2022-06-26 08:28:01', 99.24, 'Credit Card', 7283316616810, 1),
(327, 126, 227, 'VIP', '2024-02-09 20:34:45', 55.53, 'Bank Transfer', 1182806658303, 0),
(328, 155, 185, 'VIP', '2023-07-05 11:41:29', 112.64, 'Debit Card', 3396038996204, 0),
(329, 71, 61, 'Backstage', '2023-07-24 22:48:13', 83.29, 'Bank Transfer', 3147565493904, 1),
(330, 51, 316, 'Backstage', '2023-04-01 13:54:57', 77.16, 'Debit Card', 6111954177987, 1),
(331, 70, 391, 'General', '2022-06-11 09:01:41', 99.21, 'Credit Card', 9718008605434, 0),
(332, 40, 396, 'Backstage', '2021-12-09 21:08:26', 82.03, 'Credit Card', 9928454367963, 0),
(333, 4, 103, 'Backstage', '2021-11-26 12:15:10', 91.15, 'Debit Card', 1940966463450, 0),
(334, 55, 278, 'Backstage', '2022-03-11 22:21:54', 69.26, 'Credit Card', 5377969428127, 1),
(335, 98, 281, 'VIP', '2022-10-08 13:28:38', 112.1, 'Bank Transfer', 7624721872284, 1),
(336, 94, 71, 'Backstage', '2022-05-22 08:35:22', 66.69, 'Bank Transfer', 4339373786689, 0),
(337, 163, 134, 'VIP', '2022-03-03 20:42:06', 103.53, 'Bank Transfer', 2529016179232, 1),
(338, 25, 380, 'VIP', '2021-09-24 11:48:50', 48.31, 'Bank Transfer', 7142826227856, 0),
(339, 153, 195, 'General', '2024-05-25 22:55:34', 149.57, 'Credit Card', 5477919606482, 0),
(340, 44, 346, 'General', '2023-04-08 14:02:18', 94.75, 'Credit Card', 3083219297101, 1),
(341, 73, 331, 'VIP', '2021-09-10 09:09:02', 25.8, 'Debit Card', 3733305180629, 1),
(342, 165, 77, 'General', '2024-05-12 21:15:46', 87.29, 'Debit Card', 2318785747478, 0),
(343, 161, 255, 'General', '2022-12-23 12:22:30', 35.83, 'Bank Transfer', 3225232678048, 0),
(344, 30, 159, 'VIP', '2024-01-25 22:29:15', 117.7, 'Debit Card', 4234921185912, 1),
(345, 98, 348, 'General', '2022-10-11 13:35:59', 69.7, 'Debit Card', 9607005290042, 0),
(346, 79, 257, 'Backstage', '2022-03-26 08:42:43', 118.64, 'Credit Card', 6881354116873, 1),
(347, 135, 48, 'General', '2023-11-09 20:49:27', 133.27, 'Debit Card', 6740593153211, 0),
(348, 169, 128, 'Backstage', '2021-08-21 11:56:11', 145.98, 'Credit Card', 4354153185776, 0),
(349, 86, 39, 'Backstage', '2022-10-02 22:02:55', 145.54, 'Debit Card', 2196912627078, 1),
(350, 99, 49, 'VIP', '2024-04-23 13:09:39', 106.27, 'Bank Transfer', 7231980983944, 1),
(351, 200, 182, 'General', '2023-03-18 08:16:23', 143.56, 'Credit Card', 5096882707490, 1),
(352, 185, 109, 'General', '2022-12-05 20:23:07', 134.35, 'Credit Card', 8758525281225, 0),
(353, 157, 233, 'Backstage', '2021-09-05 11:29:52', 80.82, 'Credit Card', 9813575007106, 0),
(354, 174, 263, 'Backstage', '2024-02-03 22:36:36', 23.68, 'Bank Transfer', 5085250754032, 0),
(355, 141, 91, 'Backstage', '2024-04-25 13:43:20', 81.35, 'Credit Card', 4547441974719, 0),
(356, 157, 49, 'Backstage', '2021-09-25 08:49:04', 123.05, 'Bank Transfer', 8979432800521, 1),
(357, 54, 148, 'General', '2024-02-15 20:55:48', 101.6, 'Credit Card', 3386352310390, 0),
(358, 105, 292, 'General', '2024-05-17 12:02:32', 46.92, 'Credit Card', 8978296834064, 0),
(359, 187, 54, 'General', '2022-03-23 22:09:16', 30.59, 'Debit Card', 1817507382613, 1),
(360, 151, 270, 'VIP', '2022-03-01 13:16:00', 55.39, 'Bank Transfer', 7212663324933, 0),
(361, 111, 307, 'General', '2023-11-06 08:22:44', 34.48, 'Bank Transfer', 8713492346954, 1),
(362, 139, 172, 'VIP', '2022-03-07 20:29:28', 142.26, 'Bank Transfer', 2820240287048, 0),
(363, 160, 379, 'VIP', '2022-06-08 11:36:12', 33.59, 'Debit Card', 9237572633557, 0),
(364, 148, 74, 'VIP', '2021-12-14 22:42:56', 98.73, 'Credit Card', 6689928510735, 0),
(365, 197, 361, 'General', '2022-12-13 13:49:40', 139.74, 'Debit Card', 2510637729943, 0),
(366, 122, 173, 'Backstage', '2022-10-01 08:56:25', 116.08, 'Bank Transfer', 3566607568948, 0),
(367, 162, 178, 'General', '2023-12-28 21:03:09', 93.33, 'Bank Transfer', 2341340570535, 1),
(368, 110, 390, 'Backstage', '2023-08-23 12:09:53', 65.35, 'Debit Card', 3676892599293, 0),
(369, 90, 335, 'General', '2024-02-05 22:16:37', 35.51, 'Debit Card', 6551112008217, 1),
(370, 18, 12, 'Backstage', '2022-06-23 13:23:21', 22.2, 'Debit Card', 1518859826655, 0),
(371, 87, 386, 'Backstage', '2023-10-21 08:30:05', 142.0, 'Credit Card', 7811106662358, 1),
(372, 174, 257, 'Backstage', '2024-01-28 20:36:49', 124.24, 'Credit Card', 6516435970047, 0),
(373, 200, 53, 'General', '2023-03-25 11:43:33', 108.75, 'Debit Card', 2784004859095, 0),
(374, 34, 352, 'VIP', '2022-06-04 22:50:17', 123.16, 'Debit Card', 7754565096745, 1),
(375, 179, 225, 'Backstage', '2023-06-26 13:57:01', 25.33, 'Credit Card', 8687193789167, 1),
(376, 32, 372, 'General', '2023-03-23 09:03:46', 43.51, 'Debit Card', 9314858310271, 0),
(377, 48, 392, 'General', '2021-12-28 21:10:30', 24.56, 'Debit Card', 1709545183497, 1),
(378, 175, 268, 'Backstage', '2022-02-26 12:17:14', 143.43, 'Bank Transfer', 7210530394881, 0),
(379, 185, 64, 'VIP', '2022-12-29 22:23:58', 65.73, 'Bank Transfer', 4772145346348, 0),
(380, 78, 321, 'General', '2024-05-19 13:30:42', 103.37, 'Debit Card', 3003348453674, 0),
(381, 14, 101, 'General', '2023-04-06 08:37:26', 22.43, 'Bank Transfer', 2163913055296, 0),
(382, 117, 102, 'Backstage', '2024-05-21 20:44:10', 82.45, 'Credit Card', 6110205634558, 0),
(383, 110, 66, 'VIP', '2023-08-06 11:50:54', 90.08, 'Credit Card', 7224037400335, 0),
(384, 46, 43, 'VIP', '2022-05-29 22:57:38', 102.97, 'Debit Card', 6574161133501, 0),
(385, 161, 343, 'VIP', '2023-01-13 14:04:22', 36.18, 'Debit Card', 8831897761895, 1),
(386, 176, 133, 'Backstage', '2023-03-31 09:11:07', 42.71, 'Debit Card', 9683778394708, 0),
(387, 181, 265, 'Backstage', '2021-09-14 21:17:51', 20.88, 'Debit Card', 3943995767519, 0),
(388, 166, 64, 'General', '2022-01-23 12:24:35', 102.8, 'Bank Transfer', 4612485951286, 0),
(389, 57, 238, 'VIP', '2024-05-01 22:31:19', 92.27, 'Debit Card', 9161984286284, 1),
(390, 116, 229, 'VIP', '2023-04-06 13:38:03', 82.89, 'Bank Transfer', 4606358644015, 0),
(391, 127, 155, 'General', '2022-03-22 08:44:47', 91.11, 'Debit Card', 6111465607911, 0),
(392, 88, 114, 'General', '2021-12-09 20:51:31', 93.56, 'Credit Card', 5234945791444, 0),
(393, 76, 284, 'General', '2022-01-06 11:58:15', 130.39, 'Bank Transfer', 8090689721593, 1),
(394, 64, 68, 'General', '2022-02-15 22:04:59', 67.1, 'Debit Card', 4727595348363, 0),
(395, 120, 250, 'Backstage', '2024-07-15 13:11:43', 138.07, 'Credit Card', 2497105332730, 1),
(396, 64, 263, 'Backstage', '2022-02-09 08:18:28', 96.62, 'Bank Transfer', 8467906251859, 0),
(397, 117, 318, 'Backstage', '2024-05-16 20:25:12', 23.35, 'Credit Card', 9832984312701, 1),
(398, 108, 239, 'General', '2024-08-13 11:31:56', 149.27, 'Bank Transfer', 8000829704317, 1),
(399, 115, 140, 'General', '2022-02-20 22:38:40', 124.37, 'Bank Transfer', 8748207527712, 0),
(400, 77, 319, 'VIP', '2023-01-09 13:45:24', 88.48, 'Bank Transfer', 7594577999150, 0);

-- Visitor 1 (ID: 1) - 4 Events in 2023
INSERT INTO Ticket (Ticket_ID, Performance_ID, Visitor_ID, Category, Purchase_Date, Cost, Payment_Method, EAN131_Code, Activated) VALUES
(401, 159, 1, 'General', '2022-11-15', 55.00, 'Credit Card', 9100000000401, 1), -- Event 2 (2023-02-02)
(402, 49, 1, 'VIP', '2023-02-10', 120.50, 'Debit Card', 9100000000402, 1), -- Event 5 (2023-05-05)
(403, 57, 1, 'General', '2023-05-20', 60.00, 'Credit Card', 9100000000403, 1), -- Event 8 (2023-08-08)
(404, 67, 1, 'Backstage', '2023-08-01', 150.00, 'Bank Transfer', 9100000000404, 1); -- Event 11 (2023-11-11)

-- Visitor 2 (ID: 2) - 4 Events in 2023 (Same events as Visitor 1)
INSERT INTO Ticket (Ticket_ID, Performance_ID, Visitor_ID, Category, Purchase_Date, Cost, Payment_Method, EAN131_Code, Activated) VALUES
(405, 159, 2, 'General', '2022-11-18', 55.00, 'Debit Card', 9100000000405, 1), -- Event 2 (2023-02-02)
(406, 49, 2, 'VIP', '2023-02-12', 120.50, 'Credit Card', 9100000000406, 1), -- Event 5 (2023-05-05)
(407, 57, 2, 'General', '2023-05-21', 60.00, 'Bank Transfer', 9100000000407, 1), -- Event 8 (2023-08-08)
(408, 67, 2, 'Backstage', '2023-08-05', 150.00, 'Debit Card', 9100000000408, 1); -- Event 11 (2023-11-11)

-- Visitor 3 (ID: 3) - 5 Events in 2022
INSERT INTO Ticket (Ticket_ID, Performance_ID, Visitor_ID, Category, Purchase_Date, Cost, Payment_Method, EAN131_Code, Activated) VALUES
(409, 121, 3, 'VIP', '2021-10-15', 130.00, 'Credit Card', 9100000000409, 1), -- Event 1 (2022-01-01)
(410, 130, 3, 'General', '2022-01-20', 65.00, 'Debit Card', 9100000000410, 1), -- Event 4 (2022-04-04)
(411, 141, 3, 'General', '2022-04-11', 70.00, 'Bank Transfer', 9100000000411, 1), -- Event 7 (2022-07-07)
(412, 151, 3, 'Backstage', '2022-07-18', 160.00, 'Credit Card', 9100000000412, 1), -- Event 10 (2022-10-10)
(413, 126, 3, 'VIP', '2021-10-20', 135.50, 'Debit Card', 9100000000413, 1); -- Event 13 (2022-01-13)

-- Visitor 4 (ID: 4) - 5 Events in 2022 (Same events as Visitor 3)
INSERT INTO Ticket (Ticket_ID, Performance_ID, Visitor_ID, Category, Purchase_Date, Cost, Payment_Method, EAN131_Code, Activated) VALUES
(414, 121, 4, 'VIP', '2021-10-18', 130.00, 'Debit Card', 9100000000414, 1), -- Event 1 (2022-01-01)
(415, 130, 4, 'General', '2022-01-22', 65.00, 'Credit Card', 9100000000415, 1), -- Event 4 (2022-04-04)
(416, 141, 4, 'General', '2022-04-15', 70.00, 'Debit Card', 9100000000416, 1), -- Event 7 (2022-07-07)
(417, 151, 4, 'Backstage', '2022-07-20', 160.00, 'Bank Transfer', 9100000000417, 1), -- Event 10 (2022-10-10)
(418, 126, 4, 'VIP', '2021-10-25', 135.50, 'Credit Card', 9100000000418, 1); -- Event 13 (2022-01-13)


INSERT INTO Staff (Staff_ID, Name, Age, Role, Experience_Level) VALUES 
(1, 'Justin Howard', 25, 'Security', 'Experienced'),
(2, 'Phillip Callahan', 48, 'Auxiliary', 'Intermediate'),
(3, 'Mark Shah', 28, 'Technical', 'Beginner'),
(4, 'Sara Nguyen', 60, 'Security', 'Intern'),
(5, 'James Holland', 32, 'Auxiliary', 'Intern'),
(6, 'Mark Hall', 37, 'Security', 'Expert'),
(7, 'Paul Cruz', 38, 'Security', 'Expert'),
(8, 'Tanner Smith', 58, 'Auxiliary', 'Intermediate'),
(9, 'Beth Moore', 42, 'Auxiliary', 'Beginner'),
(10, 'Kimberly Bell', 58, 'Technical', 'Intermediate'),
(11, 'Daniel Hubbard', 52, 'Technical', 'Intern'),
(12, 'Troy Foster', 23, 'Security', 'Intermediate'),
(13, 'Michael Patel', 33, 'Security', 'Expert'),
(14, 'Kylie Warren', 21, 'Auxiliary', 'Beginner'),
(15, 'April Mcdaniel', 58, 'Technical', 'Intern'),
(16, 'Ryan Johnson', 36, 'Security', 'Expert'),
(17, 'Dawn Rojas', 44, 'Technical', 'Beginner'),
(18, 'Amanda Harris', 23, 'Security', 'Intern'),
(19, 'Kimberly Conley', 42, 'Security', 'Intern'),
(20, 'Donald Jackson', 40, 'Security', 'Experienced'),
(21, 'Nicholas Johnson', 38, 'Security', 'Intermediate'),
(22, 'Philip Phillips', 42, 'Auxiliary', 'Expert'),
(23, 'Logan Dennis', 40, 'Technical', 'Intern'),
(24, 'David Friedman', 51, 'Technical', 'Intermediate'),
(25, 'Daniel Ayala', 40, 'Security', 'Beginner'),
(26, 'Dr. Tracy Reynolds', 37, 'Auxiliary', 'Intermediate'),
(27, 'Holly Greene', 43, 'Security', 'Beginner'),
(28, 'Mr. John Bishop', 26, 'Security', 'Intermediate'),
(29, 'Donald Yoder', 25, 'Auxiliary', 'Expert'),
(30, 'Christopher Ward', 21, 'Technical', 'Intern'),
(31, 'Vincent Wright', 47, 'Security', 'Beginner'),
(32, 'Rachel Guzman', 54, 'Security', 'Expert'),
(33, 'Mrs. Karen Booth', 50, 'Technical', 'Intermediate'),
(34, 'Cynthia Miller', 34, 'Auxiliary', 'Intern'),
(35, 'Michelle Morris', 59, 'Technical', 'Experienced'),
(36, 'Peter Moon', 28, 'Security', 'Experienced'),
(37, 'Austin Walton', 47, 'Auxiliary', 'Intermediate'),
(38, 'Christopher Conner', 38, 'Auxiliary', 'Experienced'),
(39, 'Leah Howell', 57, 'Technical', 'Intern'),
(40, 'Christina Lee', 57, 'Security', 'Intern'),
(41, 'Katrina Garcia', 28, 'Technical', 'Beginner'),
(42, 'Jo Brooks', 45, 'Security', 'Experienced'),
(43, 'Dale Flynn', 20, 'Technical', 'Intern'),
(44, 'Christina Camacho', 32, 'Auxiliary', 'Expert'),
(45, 'Linda Taylor', 20, 'Technical', 'Intern'),
(46, 'Shawn Herrera', 28, 'Auxiliary', 'Experienced'),
(47, 'Samantha Kelley', 50, 'Security', 'Experienced'),
(48, 'Christina Williamson DVM', 41, 'Technical', 'Experienced'),
(49, 'Andrew Clark', 25, 'Security', 'Expert'),
(50, 'Shawn Keller', 59, 'Security', 'Intern'),
(51, 'Maria Ford', 54, 'Security', 'Intermediate'),
(52, 'Jamie Guerrero', 48, 'Technical', 'Beginner'),
(53, 'Kenneth Velasquez', 60, 'Security', 'Intern'),
(54, 'Wesley Wood', 24, 'Technical', 'Intern'),
(55, 'Debra Goodman', 44, 'Auxiliary', 'Intermediate'),
(56, 'Derek Carrillo', 28, 'Security', 'Intermediate'),
(57, 'Kathy Carlson', 30, 'Technical', 'Intern'),
(58, 'Deborah Stone', 34, 'Auxiliary', 'Experienced'),
(59, 'Jennifer Shea', 26, 'Security', 'Intern'),
(60, 'Chase Hill', 51, 'Technical', 'Beginner'),
(61, 'Carmen White', 41, 'Security', 'Expert'),
(62, 'Cesar Wilson', 39, 'Auxiliary', 'Intern'),
(63, 'Stephanie Harding', 46, 'Auxiliary', 'Intermediate'),
(64, 'Kelsey Williams', 25, 'Auxiliary', 'Beginner'),
(65, 'Joel Horton', 30, 'Technical', 'Expert'),
(66, 'Amy Watkins', 41, 'Security', 'Experienced'),
(67, 'Brandi Perry', 49, 'Security', 'Experienced'),
(68, 'Robert Harris', 60, 'Technical', 'Intern'),
(69, 'James Macdonald', 21, 'Security', 'Intern'),
(70, 'Craig Hughes', 53, 'Security', 'Beginner'),
(71, 'Marcus Cox', 25, 'Auxiliary', 'Experienced'),
(72, 'Brent Parks', 51, 'Security', 'Intern'),
(73, 'Mr. Carl Stephens DDS', 37, 'Auxiliary', 'Expert'),
(74, 'Timothy Miller', 22, 'Auxiliary', 'Experienced'),
(75, 'Sara Dennis', 58, 'Technical', 'Beginner'),
(76, 'Monique Kelly', 21, 'Technical', 'Intern'),
(77, 'Amanda Cline', 47, 'Security', 'Expert'),
(78, 'Kayla Horton', 59, 'Auxiliary', 'Intern'),
(79, 'Ana Schneider', 35, 'Auxiliary', 'Expert'),
(80, 'Donna Lamb', 56, 'Security', 'Intern'),
(81, 'Michael Lewis', 51, 'Security', 'Experienced'),
(82, 'John Phillips', 46, 'Technical', 'Experienced'),
(83, 'Carolyn King', 47, 'Auxiliary', 'Intermediate'),
(84, 'Barry Price', 33, 'Security', 'Experienced'),
(85, 'Kristen Mckinney', 52, 'Security', 'Expert'),
(86, 'Caroline Smith', 27, 'Security', 'Beginner'),
(87, 'Olivia Lopez MD', 25, 'Security', 'Experienced'),
(88, 'Jody Gonzalez', 39, 'Technical', 'Experienced'),
(89, 'Leah Miller MD', 43, 'Auxiliary', 'Expert'),
(90, 'Donna Turner', 24, 'Technical', 'Intermediate'),
(91, 'Matthew Baker', 41, 'Auxiliary', 'Beginner'),
(92, 'Kevin Paul', 53, 'Security', 'Expert'),
(93, 'Charles Jenkins', 54, 'Auxiliary', 'Expert'),
(94, 'Jacob Beasley', 43, 'Security', 'Intermediate'),
(95, 'Christopher Reyes', 21, 'Technical', 'Intermediate'),
(96, 'Brian Burnett', 53, 'Security', 'Experienced'),
(97, 'Kurt Jones', 25, 'Security', 'Beginner'),
(98, 'Anna Smith DDS', 31, 'Security', 'Intermediate'),
(99, 'April Conner', 45, 'Auxiliary', 'Experienced'),
(100, 'Jennifer Edwards', 57, 'Auxiliary', 'Experienced'),
(101, 'Generated Staff 101', 30, 'Technical', 'Experienced'),
(102, 'Generated Staff 102', 46, 'Technical', 'Beginner'),
(103, 'Generated Staff 103', 27, 'Technical', 'Experienced'),
(104, 'Generated Staff 104', 42, 'Technical', 'Beginner'),
(105, 'Generated Staff 105', 48, 'Security', 'Intermediate'),
(106, 'Generated Staff 106', 36, 'Security', 'Intermediate'),
(107, 'Generated Staff 107', 57, 'Auxiliary', 'Intermediate'),
(108, 'Generated Staff 108', 55, 'Technical', 'Expert'),
(109, 'Generated Staff 109', 30, 'Security', 'Intermediate'),
(110, 'Generated Staff 110', 38, 'Technical', 'Experienced'),
(111, 'Generated Staff 111', 35, 'Technical', 'Expert'),
(112, 'Generated Staff 112', 44, 'Technical', 'Intermediate'),
(113, 'Generated Staff 113', 55, 'Security', 'Experienced'),
(114, 'Generated Staff 114', 59, 'Security', 'Intermediate'),
(115, 'Generated Staff 115', 21, 'Auxiliary', 'Expert'),
(116, 'Generated Staff 116', 44, 'Auxiliary', 'Expert'),
(117, 'Generated Staff 117', 34, 'Auxiliary', 'Beginner'),
(118, 'Generated Staff 118', 38, 'Technical', 'Intermediate'),
(119, 'Generated Staff 119', 32, 'Technical', 'Beginner'),
(120, 'Generated Staff 120', 56, 'Security', 'Intermediate'),
(121, 'Generated Staff 121', 53, 'Security', 'Experienced'),
(122, 'Generated Staff 122', 24, 'Technical', 'Experienced'),
(123, 'Generated Staff 123', 48, 'Security', 'Intermediate'),
(124, 'Generated Staff 124', 31, 'Technical', 'Intermediate'),
(125, 'Generated Staff 125', 46, 'Technical', 'Intermediate'),
(126, 'Generated Staff 126', 46, 'Security', 'Intermediate'),
(127, 'Generated Staff 127', 59, 'Security', 'Expert'),
(128, 'Generated Staff 128', 58, 'Auxiliary', 'Intermediate'),
(129, 'Generated Staff 129', 49, 'Technical', 'Expert'),
(130, 'Generated Staff 130', 32, 'Technical', 'Beginner'),
(131, 'Generated Staff 131', 26, 'Technical', 'Experienced'),
(132, 'Generated Staff 132', 43, 'Security', 'Experienced'),
(133, 'Generated Staff 133', 59, 'Technical', 'Intermediate'),
(134, 'Generated Staff 134', 38, 'Auxiliary', 'Beginner'),
(135, 'Generated Staff 135', 46, 'Technical', 'Beginner'),
(136, 'Generated Staff 136', 39, 'Security', 'Beginner'),
(137, 'Generated Staff 137', 59, 'Auxiliary', 'Expert'),
(138, 'Generated Staff 138', 56, 'Auxiliary', 'Experienced'),
(139, 'Generated Staff 139', 56, 'Technical', 'Expert'),
(140, 'Generated Staff 140', 38, 'Auxiliary', 'Beginner'),
(141, 'Generated Staff 141', 53, 'Auxiliary', 'Beginner'),
(142, 'Generated Staff 142', 40, 'Security', 'Beginner'),
(143, 'Generated Staff 143', 55, 'Technical', 'Experienced'),
(144, 'Generated Staff 144', 41, 'Auxiliary', 'Expert'),
(145, 'Generated Staff 145', 38, 'Auxiliary', 'Beginner'),
(146, 'Generated Staff 146', 32, 'Security', 'Expert'),
(147, 'Generated Staff 147', 31, 'Auxiliary', 'Experienced'),
(148, 'Generated Staff 148', 39, 'Auxiliary', 'Expert'),
(149, 'Generated Staff 149', 54, 'Auxiliary', 'Expert'),
(150, 'Generated Staff 150', 49, 'Security', 'Experienced'),
(151, 'Generated Staff 151', 38, 'Technical', 'Beginner'),
(152, 'Generated Staff 152', 24, 'Auxiliary', 'Intermediate'),
(153, 'Generated Staff 153', 36, 'Security', 'Experienced'),
(154, 'Generated Staff 154', 49, 'Security', 'Experienced'),
(155, 'Generated Staff 155', 53, 'Auxiliary', 'Experienced'),
(156, 'Generated Staff 156', 26, 'Technical', 'Intermediate'),
(157, 'Generated Staff 157', 59, 'Security', 'Expert'),
(158, 'Generated Staff 158', 53, 'Auxiliary', 'Beginner'),
(159, 'Generated Staff 159', 55, 'Technical', 'Intermediate'),
(160, 'Generated Staff 160', 22, 'Auxiliary', 'Intermediate'),
(161, 'Generated Staff 161', 24, 'Technical', 'Expert'),
(162, 'Generated Staff 162', 41, 'Security', 'Beginner'),
(163, 'Generated Staff 163', 42, 'Technical', 'Experienced'),
(164, 'Generated Staff 164', 21, 'Security', 'Beginner'),
(165, 'Generated Staff 165', 54, 'Auxiliary', 'Expert'),
(166, 'Generated Staff 166', 56, 'Auxiliary', 'Intermediate'),
(167, 'Generated Staff 167', 37, 'Security', 'Experienced'),
(168, 'Generated Staff 168', 40, 'Technical', 'Beginner'),
(169, 'Generated Staff 169', 27, 'Security', 'Expert'),
(170, 'Generated Staff 170', 40, 'Auxiliary', 'Intermediate'),
(171, 'Generated Staff 171', 40, 'Technical', 'Intermediate'),
(172, 'Generated Staff 172', 22, 'Security', 'Beginner'),
(173, 'Generated Staff 173', 53, 'Auxiliary', 'Beginner'),
(174, 'Generated Staff 174', 28, 'Security', 'Expert'),
(175, 'Generated Staff 175', 36, 'Auxiliary', 'Intermediate'),
(176, 'Generated Staff 176', 27, 'Security', 'Beginner'),
(177, 'Generated Staff 177', 60, 'Auxiliary', 'Beginner'),
(178, 'Generated Staff 178', 45, 'Auxiliary', 'Expert'),
(179, 'Generated Staff 179', 56, 'Auxiliary', 'Experienced'),
(180, 'Generated Staff 180', 55, 'Security', 'Beginner'),
(181, 'Generated Staff 181', 24, 'Security', 'Experienced'),
(182, 'Generated Staff 182', 25, 'Security', 'Beginner'),
(183, 'Generated Staff 183', 43, 'Auxiliary', 'Experienced'),
(184, 'Generated Staff 184', 35, 'Technical', 'Expert'),
(185, 'Generated Staff 185', 44, 'Technical', 'Beginner'),
(186, 'Generated Staff 186', 26, 'Auxiliary', 'Intermediate'),
(187, 'Generated Staff 187', 45, 'Auxiliary', 'Beginner'),
(188, 'Generated Staff 188', 54, 'Auxiliary', 'Expert'),
(189, 'Generated Staff 189', 48, 'Auxiliary', 'Experienced'),
(190, 'Generated Staff 190', 56, 'Security', 'Intermediate'),
(191, 'Generated Staff 191', 37, 'Security', 'Expert'),
(192, 'Generated Staff 192', 36, 'Auxiliary', 'Intermediate'),
(193, 'Generated Staff 193', 41, 'Technical', 'Beginner'),
(194, 'Generated Staff 194', 48, 'Auxiliary', 'Experienced'),
(195, 'Generated Staff 195', 51, 'Technical', 'Experienced'),
(196, 'Generated Staff 196', 38, 'Technical', 'Expert'),
(197, 'Generated Staff 197', 58, 'Auxiliary', 'Experienced'),
(198, 'Generated Staff 198', 34, 'Auxiliary', 'Expert'),
(199, 'Generated Staff 199', 47, 'Auxiliary', 'Beginner'),
(200, 'Generated Staff 200', 59, 'Auxiliary', 'Intermediate'),
(201, 'Generated Staff 201', 46, 'Auxiliary', 'Beginner'),
(202, 'Generated Staff 202', 58, 'Security', 'Beginner'),
(203, 'Generated Staff 203', 46, 'Security', 'Intermediate'),
(204, 'Generated Staff 204', 43, 'Security', 'Beginner'),
(205, 'Generated Staff 205', 21, 'Auxiliary', 'Expert'),
(206, 'Generated Staff 206', 51, 'Technical', 'Experienced'),
(207, 'Generated Staff 207', 44, 'Technical', 'Expert'),
(208, 'Generated Staff 208', 50, 'Auxiliary', 'Beginner'),
(209, 'Generated Staff 209', 44, 'Security', 'Expert'),
(210, 'Generated Staff 210', 36, 'Technical', 'Intermediate'),
(211, 'Generated Staff 211', 56, 'Security', 'Experienced'),
(212, 'Generated Staff 212', 24, 'Technical', 'Experienced'),
(213, 'Generated Staff 213', 34, 'Security', 'Beginner'),
(214, 'Generated Staff 214', 33, 'Technical', 'Expert'),
(215, 'Generated Staff 215', 21, 'Technical', 'Intermediate'),
(216, 'Generated Staff 216', 34, 'Auxiliary', 'Experienced'),
(217, 'Generated Staff 217', 32, 'Security', 'Experienced'),
(218, 'Generated Staff 218', 46, 'Technical', 'Expert'),
(219, 'Generated Staff 219', 40, 'Security', 'Expert'),
(220, 'Generated Staff 220', 57, 'Security', 'Beginner'),
(221, 'Generated Staff 221', 51, 'Technical', 'Expert'),
(222, 'Generated Staff 222', 42, 'Technical', 'Expert'),
(223, 'Generated Staff 223', 58, 'Security', 'Expert'),
(224, 'Generated Staff 224', 23, 'Security', 'Experienced'),
(225, 'Generated Staff 225', 30, 'Auxiliary', 'Experienced'),
(226, 'Generated Staff 226', 58, 'Auxiliary', 'Expert'),
(227, 'Generated Staff 227', 58, 'Security', 'Experienced'),
(228, 'Generated Staff 228', 38, 'Security', 'Intermediate'),
(229, 'Generated Staff 229', 41, 'Security', 'Expert'),
(230, 'Generated Staff 230', 33, 'Auxiliary', 'Intermediate'),
(231, 'Generated Staff 231', 58, 'Auxiliary', 'Beginner'),
(232, 'Generated Staff 232', 34, 'Auxiliary', 'Experienced'),
(233, 'Generated Staff 233', 30, 'Auxiliary', 'Experienced'),
(234, 'Generated Staff 234', 36, 'Auxiliary', 'Beginner'),
(235, 'Generated Staff 235', 26, 'Technical', 'Experienced'),
(236, 'Generated Staff 236', 51, 'Security', 'Intermediate'),
(237, 'Generated Staff 237', 50, 'Auxiliary', 'Expert'),
(238, 'Generated Staff 238', 24, 'Security', 'Beginner'),
(239, 'Generated Staff 239', 48, 'Auxiliary', 'Experienced'),
(240, 'Generated Staff 240', 26, 'Technical', 'Intermediate'),
(241, 'Generated Staff 241', 53, 'Auxiliary', 'Experienced'),
(242, 'Generated Staff 242', 47, 'Auxiliary', 'Intermediate'),
(243, 'Generated Staff 243', 53, 'Security', 'Beginner'),
(244, 'Generated Staff 244', 56, 'Security', 'Intermediate'),
(245, 'Generated Staff 245', 46, 'Security', 'Beginner'),
(246, 'Generated Staff 246', 56, 'Technical', 'Intermediate'),
(247, 'Generated Staff 247', 45, 'Security', 'Intermediate'),
(248, 'Generated Staff 248', 52, 'Security', 'Beginner'),
(249, 'Generated Staff 249', 46, 'Security', 'Intermediate'),
(250, 'Generated Staff 250', 36, 'Auxiliary', 'Experienced'),
(251, 'Generated Staff 251', 52, 'Security', 'Expert'),
(252, 'Generated Staff 252', 27, 'Security', 'Expert'),
(253, 'Generated Staff 253', 29, 'Auxiliary', 'Expert'),
(254, 'Generated Staff 254', 30, 'Security', 'Experienced'),
(255, 'Generated Staff 255', 41, 'Security', 'Beginner'),
(256, 'Generated Staff 256', 33, 'Auxiliary', 'Experienced'),
(257, 'Generated Staff 257', 39, 'Technical', 'Experienced'),
(258, 'Generated Staff 258', 27, 'Technical', 'Beginner'),
(259, 'Generated Staff 259', 45, 'Security', 'Intermediate'),
(260, 'Generated Staff 260', 25, 'Security', 'Beginner'),
(261, 'Generated Staff 261', 24, 'Technical', 'Beginner'),
(262, 'Generated Staff 262', 44, 'Security', 'Intermediate'),
(263, 'Generated Staff 263', 55, 'Security', 'Intermediate'),
(264, 'Generated Staff 264', 52, 'Auxiliary', 'Experienced'),
(265, 'Generated Staff 265', 25, 'Security', 'Expert'),
(266, 'Generated Staff 266', 35, 'Security', 'Intermediate'),
(267, 'Generated Staff 267', 48, 'Auxiliary', 'Intermediate'),
(268, 'Generated Staff 268', 50, 'Technical', 'Beginner'),
(269, 'Generated Staff 269', 38, 'Security', 'Beginner'),
(270, 'Generated Staff 270', 24, 'Security', 'Experienced'),
(271, 'Generated Staff 271', 53, 'Security', 'Expert'),
(272, 'Generated Staff 272', 37, 'Technical', 'Experienced'),
(273, 'Generated Staff 273', 60, 'Technical', 'Experienced'),
(274, 'Generated Staff 274', 39, 'Auxiliary', 'Experienced'),
(275, 'Generated Staff 275', 28, 'Auxiliary', 'Beginner'),
(276, 'Generated Staff 276', 51, 'Security', 'Intermediate'),
(277, 'Generated Staff 277', 43, 'Security', 'Intermediate'),
(278, 'Generated Staff 278', 53, 'Technical', 'Experienced'),
(279, 'Generated Staff 279', 45, 'Auxiliary', 'Expert'),
(280, 'Generated Staff 280', 36, 'Security', 'Experienced'),
(281, 'Generated Staff 281', 37, 'Security', 'Experienced'),
(282, 'Generated Staff 282', 42, 'Technical', 'Expert'),
(283, 'Generated Staff 283', 36, 'Auxiliary', 'Experienced'),
(284, 'Generated Staff 284', 56, 'Security', 'Beginner'),
(285, 'Generated Staff 285', 27, 'Auxiliary', 'Expert'),
(286, 'Generated Staff 286', 27, 'Auxiliary', 'Beginner'),
(287, 'Generated Staff 287', 34, 'Auxiliary', 'Experienced'),
(288, 'Generated Staff 288', 47, 'Auxiliary', 'Experienced'),
(289, 'Generated Staff 289', 29, 'Auxiliary', 'Experienced'),
(290, 'Generated Staff 290', 33, 'Auxiliary', 'Beginner'),
(291, 'Generated Staff 291', 34, 'Security', 'Experienced'),
(292, 'Generated Staff 292', 60, 'Auxiliary', 'Beginner'),
(293, 'Generated Staff 293', 45, 'Security', 'Beginner'),
(294, 'Generated Staff 294', 26, 'Security', 'Experienced'),
(295, 'Generated Staff 295', 35, 'Technical', 'Beginner'),
(296, 'Generated Staff 296', 43, 'Technical', 'Expert'),
(297, 'Generated Staff 297', 57, 'Technical', 'Expert'),
(298, 'Generated Staff 298', 26, 'Auxiliary', 'Expert'),
(299, 'Generated Staff 299', 54, 'Technical', 'Expert'),
(300, 'Generated Staff 300', 37, 'Technical', 'Beginner');


INSERT INTO StaffAssignment (Staff_ID, Event_ID) VALUES 
(85, 138),
(5, 178),
(19, 159),
(12, 78),
(76, 141),
(57, 51),
(32, 17),
(93, 10),
(90, 5),
(86, 137),
(12, 177),
(47, 98),
(62, 82),
(30, 13),
(70, 101),
(93, 95),
(90, 62),
(47, 196),
(46, 108),
(31, 42),
(58, 77),
(44, 69),
(51, 130),
(9, 95),
(23, 170),
(20, 90),
(10, 9),
(11, 180),
(23, 102),
(36, 108),
(78, 193),
(63, 182),
(52, 138),
(60, 42),
(8, 4),
(76, 45),
(43, 100),
(6, 11),
(56, 113),
(76, 67),
(47, 41),
(31, 10),
(21, 31),
(51, 164),
(62, 28),
(98, 63),
(88, 108),
(32, 50),
(75, 35),
(60, 35),
(28, 87),
(91, 11),
(10, 130),
(27, 77),
(41, 150),
(53, 114),
(98, 49),
(25, 160),
(6, 58),
(60, 3),
(19, 115),
(64, 145),
(7, 110),
(78, 23),
(75, 82),
(99, 178),
(62, 87),
(29, 87),
(10, 199),
(36, 5),
(44, 10),
(82, 140),
(72, 54),
(46, 168),
(40, 128),
(13, 162),
(97, 9),
(29, 13),
(92, 139),
(32, 79),
(85, 69),
(49, 98),
(100, 109),
(88, 32),
(21, 92),
(91, 66),
(76, 117),
(94, 103),
(23, 111),
(7, 125),
(57, 40),
(64, 187),
(95, 7),
(72, 93),
(22, 171),
(55, 85),
(34, 134),
(47, 128),
(95, 92),
(19, 51),
(17, 56),
(86, 145),
(77, 86),
(65, 8),
(15, 165),
(43, 146),
(3, 180),
(62, 10),
(100, 179),
(79, 185),
(71, 166),
(36, 47),
(65, 56),
(79, 151),
(36, 148),
(34, 56),
(85, 98),
(98, 112),
(13, 134),
(6, 121),
(11, 31),
(48, 197),
(29, 55),
(8, 123),
(18, 92),
(80, 69),
(81, 106),
(80, 106),
(84, 197),
(62, 79),
(78, 45),
(93, 109),
(44, 85),
(91, 132),
(5, 50),
(3, 136),
(7, 136),
(46, 38),
(91, 107),
(54, 20),
(100, 159),
(48, 94),
(1, 2),
(21, 171),
(50, 96),
(30, 64),
(45, 57),
(44, 63),
(14, 106),
(20, 127),
(56, 81),
(36, 31),
(45, 78),
(75, 58),
(2, 194),
(29, 165),
(92, 38),
(24, 37),
(15, 144),
(32, 52),
(76, 94),
(7, 58),
(22, 154),
(89, 44),
(74, 41),
(30, 161),
(30, 180),
(94, 33),
(4, 172),
(30, 6),
(56, 61),
(21, 145),
(87, 38),
(80, 123),
(17, 62),
(82, 13),
(31, 127),
(52, 194),
(88, 37),
(78, 74),
(91, 162),
(98, 64),
(56, 19),
(38, 77),
(34, 124),
(38, 161),
(94, 117),
(50, 13),
(81, 33),
(86, 144),
(11, 27),
(61, 43),
(9, 94),
(54, 50),
(90, 126),
(9, 123),
(30, 53),
(56, 85),
(60, 155),
(87, 170),
(77, 104),
(66, 13),
(49, 144),
(73, 7),
(59, 14),
(67, 83),
(8, 136),
(27, 148),
(39, 189),
(65, 7),
(8, 146),
(13, 152),
(33, 172),
(45, 60),
(55, 68),
(84, 26),
(73, 86),
(35, 33),
(8, 59),
(16, 46),
(10, 167),
(66, 164),
(57, 79),
(3, 117),
(65, 113),
(31, 45),
(20, 126),
(58, 6),
(65, 75),
(91, 142),
(84, 175),
(27, 43),
(97, 160),
(52, 93),
(35, 71),
(30, 43),
(55, 19),
(55, 36),
(97, 99),
(6, 120),
(77, 25),
(89, 24),
(29, 70),
(42, 93),
(69, 157),
(1, 9),
(74, 179),
(20, 183),
(23, 143),
(8, 189),
(40, 64),
(30, 105),
(22, 14),
(51, 114),
(34, 51),
(56, 42),
(29, 170),
(3, 24),
(29, 194),
(38, 142),
(95, 198),
(58, 64),
(96, 186),
(63, 74),
(60, 116),
(2, 20),
(94, 112),
(35, 23),
(64, 186),
(30, 81),
(57, 69),
(79, 44),
(87, 189),
(37, 111),
(54, 194),
(92, 188),
(18, 72),
(83, 184),
(72, 4),
(42, 100),
(22, 30),
(24, 195),
(14, 43),
(87, 1),
(41, 51),
(77, 49),
(90, 66),
(45, 165),
(69, 98),
(34, 41),
(75, 171),
(28, 19),
(60, 41),
(48, 186),
(71, 119),
(23, 78),
(86, 185),
(39, 146),
(4, 99),
(18, 116),
(101, 95),
(102, 31),
(103, 54),
(104, 15),
(105, 17),
(106, 113),
(107, 93),
(108, 161),
(109, 30),
(110, 107),
(111, 141),
(112, 104),
(113, 87),
(114, 98),
(115, 127),
(116, 197),
(117, 20),
(118, 77),
(119, 119),
(120, 116),
(121, 96),
(122, 57),
(123, 198),
(124, 197),
(125, 85),
(126, 126),
(127, 142),
(128, 21),
(129, 79),
(130, 20),
(131, 104),
(132, 161),
(133, 184),
(134, 159),
(135, 63),
(136, 64),
(137, 42),
(138, 21),
(139, 186),
(140, 24),
(141, 152),
(142, 93),
(143, 27),
(144, 129),
(145, 83),
(146, 5),
(147, 190),
(148, 23),
(149, 185),
(150, 186),
(151, 10),
(152, 176),
(153, 173),
(154, 96),
(155, 35),
(156, 68),
(157, 78),
(158, 57),
(159, 89),
(160, 25),
(161, 165),
(162, 63),
(163, 67),
(164, 136),
(165, 178),
(166, 69),
(167, 122),
(168, 152),
(169, 59),
(170, 89),
(171, 28),
(172, 59),
(173, 169),
(174, 153),
(175, 6),
(176, 40),
(177, 182),
(178, 42),
(179, 40),
(180, 159),
(181, 115),
(182, 51),
(183, 170),
(184, 93),
(185, 13),
(186, 112),
(187, 126),
(188, 8),
(189, 132),
(190, 40),
(191, 58),
(192, 49),
(193, 21),
(194, 44),
(195, 96),
(196, 107),
(197, 46),
(198, 79),
(199, 194),
(200, 54),
(201, 98),
(202, 99),
(203, 103),
(204, 168),
(205, 172),
(206, 16),
(207, 27),
(208, 143),
(209, 56),
(210, 51),
(211, 2),
(212, 71),
(213, 157),
(214, 142),
(215, 122),
(216, 18),
(217, 42),
(218, 129),
(219, 59),
(220, 200),
(221, 168),
(222, 85),
(223, 1),
(224, 66),
(225, 193),
(226, 187),
(227, 71),
(228, 131),
(229, 81),
(230, 76),
(231, 29),
(232, 150),
(233, 73),
(234, 14),
(235, 135),
(236, 183),
(237, 86),
(238, 65),
(239, 60),
(240, 146),
(241, 89),
(242, 39),
(243, 75),
(244, 198),
(245, 142),
(246, 168),
(247, 90),
(248, 105),
(249, 13),
(250, 35),
(251, 71),
(252, 22),
(253, 199),
(254, 104),
(255, 41),
(256, 174),
(257, 12),
(258, 190),
(259, 176),
(260, 122),
(261, 163),
(262, 117),
(263, 32),
(264, 52),
(265, 188),
(266, 61),
(267, 25),
(268, 72),
(269, 122),
(270, 20),
(271, 115),
(272, 86),
(273, 21),
(274, 24),
(275, 163),
(276, 71),
(277, 123),
(278, 106),
(279, 68),
(280, 124),
(281, 77),
(282, 192),
(283, 150),
(284, 187),
(285, 35),
(286, 169),
(287, 30),
(288, 91),
(289, 6),
(290, 47),
(291, 17),
(292, 124),
(293, 13),
(294, 100),
(295, 48),
(296, 123),
(297, 148),
(298, 84),
(299, 77),
(300, 59);


INSERT INTO ArtistGenre (Artist_ID, Genre_ID) VALUES 
(94, 15),
(32, 15),
(92, 1),
(95, 4),
(35, 1),
(15, 7),
(52, 16),
(43, 18),
(13, 20),
(40, 15),
(83, 5),
(93, 5),
(87, 9),
(41, 2),
(7, 11),
(77, 13),
(32, 6),
(97, 18),
(27, 3),
(81, 6),
(13, 17),
(14, 14),
(68, 20),
(16, 16),
(67, 12),
(46, 3),
(53, 2),
(91, 9),
(99, 5),
(8, 1),
(58, 1),
(74, 14),
(90, 1),
(12, 14),
(58, 18),
(32, 17),
(25, 1),
(82, 1),
(24, 1),
(67, 16),
(81, 11),
(66, 16),
(9, 20),
(100, 19),
(71, 6),
(73, 1),
(40, 14),
(15, 4),
(42, 15),
(78, 2),
(23, 6),
(80, 17),
(74, 5),
(16, 5),
(1, 10),
(57, 4),
(48, 1),
(46, 6),
(25, 6),
(67, 17),
(97, 17),
(44, 15),
(62, 10),
(52, 6),
(60, 2),
(66, 8),
(89, 4),
(89, 10),
(26, 6),
(65, 14),
(94, 9),
(51, 18),
(79, 3),
(76, 12),
(12, 20),
(93, 16),
(18, 5),
(44, 8),
(50, 20),
(6, 1),
(22, 17),
(20, 14),
(30, 19),
(80, 12),
(13, 12),
(20, 19),
(94, 8),
(52, 14),
(6, 16),
(100, 11),
(95, 18),
(84, 18),
(94, 16),
(84, 7),
(100, 5),
(49, 10),
(85, 12),
(20, 18),
(14, 11),
(7, 6),
(96, 10),
(53, 9),
(53, 5),
(2, 5),
(52, 13),
(42, 19),
(69, 5),
(57, 19),
(93, 14),
(44, 10),
(10, 10),
(37, 15),
(86, 11),
(46, 15),
(48, 7),
(11, 9),
(37, 19),
(51, 17),
(17, 9),
(62, 20),
(17, 15),
(78, 5),
(70, 18),
(37, 9),
(73, 7),
(89, 6),
(48, 4),
(99, 20),
(5, 19),
(10, 1),
(97, 9),
(99, 14),
(33, 19),
(37, 16),
(4, 8),
(11, 13),
(32, 4),
(69, 7),
(98, 4),
(2, 10),
(78, 1),
(30, 4),
(71, 12),
(32, 16),
(23, 8),
(54, 11),
(4, 18),
(45, 13),
(73, 8),
(65, 12);


INSERT INTO Evaluation (  Evaluation_ID, Performance_ID, Visitor_ID, Artist_Performance, Sound_Lighting,  Stage_Presence, Organization, Overall_Impression ) VALUES 
(  1, 19, 99,  2, 2, 2, 2, 2 ),
(  2, 105, 88,  3, 3, 3, 3, 3 ),
(  3, 173, 225,  1, 1, 1, 1, 1 ),
(  4, 196, 399,  2, 2, 2, 2, 2 ),
(  5, 67, 367,  3, 3, 3, 3, 3 ),
(  6, 80, 54,  1, 1, 1, 1, 1 ),
(  7, 109, 203,  2, 2, 2, 2, 2 ),
(  8, 164, 52,  3, 3, 3, 3, 3 ),
(  9, 99, 310,  1, 1, 1, 1, 1 ),
(  10, 116, 364,  2, 2, 2, 2, 3 ),
(  11, 164, 291,  3, 3, 3, 3, 3 ),
(  12, 153, 375,  1, 1, 1, 1, 1 ),
(  13, 33, 61,  2, 2, 2, 2, 2 ),
(  14, 66, 290,  3, 3, 3, 3, 3 ),
(  15, 4, 85,  1, 1, 1, 1, 1 ),
(  16, 154, 219,  2, 2, 2, 2, 2 ),
(  17, 146, 225,  3, 3, 3, 3, 3 ),
(  18, 71, 310,  1, 1, 1, 1, 1 ),
(  19, 178, 83,  2, 2, 2, 2, 2 ),
(  20, 59, 145,  3, 3, 3, 3, 3 ),
(  21, 148, 130,  1, 1, 1, 1, 1 ),
(  22, 77, 138,  2, 2, 2, 2, 2 ),
(  23, 102, 299,  3, 3, 3, 3, 3 ),
(  24, 78, 10,  1, 1, 1, 1, 1 ),
(  25, 158, 341,  2, 2, 2, 2, 2 ),
(  26, 92, 31,  3, 3, 3, 3, 3 ),
(  27, 123, 159,  1, 1, 1, 1, 1 ),
(  28, 31, 76,  2, 2, 2, 2, 2 ),
(  29, 50, 172,  3, 3, 3, 3, 3 ),
(  30, 161, 198,  1, 1, 1, 1, 1 ),
(  31, 34, 210,  2, 2, 2, 2, 2 ),
(  32, 75, 288,  3, 3, 3, 3, 3 ),
(  33, 186, 312,  1, 1, 1, 1, 1 ),
(  34, 158, 344,  2, 2, 2, 2, 2 ),
(  35, 159, 23,  3, 3, 3, 3, 3 ),
(  36, 197, 279,  1, 1, 1, 1, 1 ),
(  37, 16, 36,  2, 2, 2, 2, 2 ),
(  38, 92, 127,  3, 3, 3, 3, 3 ),
(  39, 33, 33,  1, 1, 1, 1, 1 ),
(  40, 35, 65,  2, 2, 2, 2, 2 ),
(  41, 60, 101,  3, 3, 3, 3, 3 ),
(  42, 95, 176,  1, 1, 1, 1, 1 ),
(  43, 142, 301,  2, 2, 2, 2, 2 ),
(  44, 107, 391,  3, 3, 3, 3, 3 ),
(  45, 28, 328,  1, 1, 1, 1, 1 ),
(  46, 43, 290,  2, 2, 2, 2, 2 ),
(  47, 76, 83,  3, 3, 3, 3, 3 ),
(  48, 40, 252,  1, 1, 1, 1, 1 ),
(  49, 111, 176,  2, 2, 2, 2, 2 ),
(  50, 100, 367,  3, 3, 3, 3, 3 ),
(  51, 189, 390,  1, 1, 1, 1, 1 ),
(  52, 176, 42,  2, 2, 2, 2, 2 ),
(  53, 127, 196,  3, 3, 3, 3, 3 ),
(  54, 18, 139,  1, 1, 1, 1, 1 ),
(  55, 107, 196,  2, 2, 2, 2, 2 ),
(  56, 57, 392,  3, 3, 3, 3, 3 ),
(  57, 185, 328,  1, 1, 1, 1, 1 ),
(  58, 93, 291,  2, 2, 2, 2, 2 ),
(  59, 66, 322,  3, 3, 3, 3, 3 ),
(  60, 104, 88,  1, 1, 1, 1, 1 ),
(  61, 52, 2,  2, 2, 2, 2, 2 ),
(  62, 133, 213,  3, 3, 3, 3, 3 ),
(  63, 122, 162,  1, 1, 1, 1, 1 ),
(  64, 25, 289,  2, 2, 2, 2, 2 ),
(  65, 23, 289,  3, 3, 3, 3, 3 ),
(  66, 72, 197,  1, 1, 1, 1, 1 ),
(  67, 161, 3,  2, 2, 2, 2, 2 ),
(  68, 112, 321,  3, 3, 3, 3, 3 ),
(  69, 189, 45,  1, 1, 1, 1, 1 ),
(  70, 170, 107,  2, 2, 2, 2, 2 ),
(  71, 94, 359,  3, 3, 3, 3, 3 ),
(  72, 109, 134,  1, 1, 1, 1, 1 ),
(  73, 107, 81,  2, 2, 2, 2, 2 ),
(  74, 75, 205,  3, 3, 3, 3, 3 ),
(  75, 147, 9,  1, 1, 1, 1, 1 ),
(  76, 66, 210,  2, 2, 2, 2, 2 ),
(  77, 54, 272,  3, 3, 3, 3, 3 ),
(  78, 111, 331,  1, 1, 1, 1, 1 ),
(  79, 46, 240,  2, 2, 2, 2, 2 ),
(  80, 107, 252,  3, 3, 3, 3, 3 ),
(  81, 176, 306,  1, 1, 1, 1, 1 ),
(  82, 80, 9,  2, 2, 2, 2, 2 ),
(  83, 23, 277,  3, 3, 3, 3, 3 ),
(  84, 190, 301,  1, 1, 1, 1, 1 ),
(  85, 176, 298,  2, 2, 2, 2, 2 ),
(  86, 103, 306,  3, 3, 3, 3, 3 ),
(  87, 178, 289,  1, 1, 1, 1, 1 ),
(  88, 106, 284,  2, 2, 2, 2, 2 ),
(  89, 181, 72,  3, 3, 3, 3, 3 ),
(  90, 143, 108,  1, 1, 1, 1, 1 ),
(  91, 42, 108,  2, 2, 2, 2, 2 ),
(  92, 142, 245,  3, 3, 3, 3, 3 ),
(  93, 92, 255,  1, 1, 1, 1, 1 ),
(  94, 106, 99,  2, 2, 2, 2, 2 ),
(  95, 102, 165,  3, 3, 3, 3, 3 ),
(  96, 163, 61,  1, 1, 1, 1, 1 ),
(  97, 48, 330,  2, 2, 2, 2, 2 ),
(  98, 116, 258,  3, 3, 3, 3, 3 ),
(  99, 177, 188,  1, 1, 1, 1, 1 ),
(  100, 94, 89,  2, 2, 2, 2, 2 );


INSERT INTO ResaleTicket (ResaleTicket_ID, Ticket_ID, Seller_ID, Status) VALUES 
(1, 1, 280, 'Available'),
(2, 2, 368, 'Available'),
(3, 3, 214, 'Available'),
(4, 4, 326, 'Available'),
(5, 5, 142, 'Available'),
(6, 6, 265, 'Available'),
(7, 7, 74, 'Available'),
(8, 8, 79, 'Available'),
(9, 9, 132, 'Available'),
(10, 10, 249, 'Available'),
(11, 11, 131, 'Available'),
(12, 12, 18, 'Available'),
(13, 13, 40, 'Available'),
(14, 14, 387, 'Available'),
(15, 15, 351, 'Available'),
(16, 16, 354, 'Available'),
(17, 17, 122, 'Available'),
(18, 18, 158, 'Available'),
(19, 19, 192, 'Available'),
(20, 20, 272, 'Available'),
(21, 21, 187, 'Available'),
(22, 22, 370, 'Available'),
(23, 23, 23, 'Available'),
(24, 24, 317, 'Available'),
(25, 25, 398, 'Available'),
(26, 26, 257, 'Available'),
(27, 27, 307, 'Available'),
(28, 28, 81, 'Available'),
(29, 29, 278, 'Available'),
(30, 30, 298, 'Available'),
(31, 31, 37, 'Available'),
(32, 32, 306, 'Available'),
(33, 33, 359, 'Available'),
(34, 34, 6, 'Available'),
(35, 35, 165, 'Available'),
(36, 36, 360, 'Available'),
(37, 37, 244, 'Available'),
(38, 38, 192, 'Available'),
(39, 39, 351, 'Available'),
(40, 40, 381, 'Available'),
(41, 41, 379, 'Available'),
(42, 42, 133, 'Available'),
(43, 43, 78, 'Available'),
(44, 44, 143, 'Available'),
(45, 45, 81, 'Available'),
(46, 46, 184, 'Available'),
(47, 47, 219, 'Available'),
(48, 48, 122, 'Available'),
(49, 49, 391, 'Available'),
(50, 50, 294, 'Available');


INSERT INTO ResaleBuyerQueue (Queue_ID, Buyer_ID, Performance_ID, Category, Status) VALUES 
(1, 252, 180, 'General', 'Waiting'),
(2, 307, 137, 'Backstage', 'Waiting'),
(3, 163, 13, 'Backstage', 'Waiting'),
(4, 304, 7, 'VIP', 'Waiting'),
(5, 141, 169, 'General', 'Waiting'),
(6, 267, 148, 'VIP', 'Waiting'),
(7, 391, 182, 'Backstage', 'Waiting'),
(8, 207, 140, 'General', 'Waiting'),
(9, 379, 88, 'Backstage', 'Waiting'),
(10, 395, 199, 'Backstage', 'Waiting'),
(11, 43, 160, 'Backstage', 'Waiting'),
(12, 310, 119, 'General', 'Waiting'),
(13, 35, 185, 'General', 'Waiting'),
(14, 176, 39, 'Backstage', 'Waiting'),
(15, 96, 69, 'VIP', 'Waiting'),
(16, 53, 161, 'General', 'Waiting'),
(17, 120, 194, 'VIP', 'Waiting'),
(18, 354, 110, 'VIP', 'Waiting'),
(19, 134, 60, 'Backstage', 'Waiting'),
(20, 395, 45, 'General', 'Waiting'),
(21, 84, 20, 'Backstage', 'Waiting'),
(22, 131, 149, 'General', 'Waiting'),
(23, 363, 28, 'VIP', 'Waiting'),
(24, 3, 140, 'VIP', 'Waiting'),
(25, 380, 34, 'General', 'Waiting'),
(26, 346, 138, 'Backstage', 'Waiting'),
(27, 87, 34, 'Backstage', 'Waiting'),
(28, 357, 183, 'General', 'Waiting'),
(29, 11, 99, 'Backstage', 'Waiting'),
(30, 137, 125, 'Backstage', 'Waiting'),
(31, 394, 14, 'VIP', 'Waiting'),
(32, 355, 106, 'VIP', 'Waiting'),
(33, 23, 54, 'Backstage', 'Waiting'),
(34, 230, 18, 'VIP', 'Waiting'),
(35, 227, 183, 'General', 'Waiting'),
(36, 57, 101, 'Backstage', 'Waiting'),
(37, 180, 170, 'VIP', 'Waiting'),
(38, 251, 156, 'VIP', 'Waiting'),
(39, 300, 36, 'General', 'Waiting'),
(40, 223, 49, 'General', 'Waiting'),
(41, 169, 93, 'VIP', 'Waiting'),
(42, 230, 145, 'VIP', 'Waiting'),
(43, 40, 75, 'Backstage', 'Waiting'),
(44, 286, 104, 'Backstage', 'Waiting'),
(45, 336, 32, 'VIP', 'Waiting'),
(46, 400, 127, 'General', 'Waiting'),
(47, 157, 24, 'Backstage', 'Waiting'),
(48, 101, 75, 'VIP', 'Waiting'),
(49, 272, 102, 'Backstage', 'Waiting'),
(50, 206, 144, 'General', 'Waiting');